intent_localised_id,intent_localised,language
8d788385431273d11e8b43bb78f3aa41,teacher,eng
1f6f42334e1709a4e0f9922ad789912b,tutor,eng
f0dc81a8a980333e911f475b62f6f238,speaker,eng
7454739e907f5595ae61d84b8547f574,partner,eng
a2f2ed4f8ebc2cbb4c21a29dc40ab61d,class,eng
7516c3b35580b3490248629cff5e498c,school,eng
71f1743a7e335df5df56aa1eac336cc6,CNAVT,eng
340cd1dcf5d3871fa2584362194cc4fe,NT2,eng
90d991b47098ceef3d8283a386cf7e91,ACT,eng
513bcfa2b82dc1735a07b97b7f870106,BEC,eng
78fb020c2f9441e3601c63c8f9a3a0a3,ESOL,eng
f6b49b7da62a112311f1af06a5742e9f,FCE,eng
7706998cba9c59295e0416087833034c,ICAS,eng
34c3c72c9244d4a381975e146a319c44,OET,eng
98e2fdd174d9b634e49d4361be026730,DELF,eng
90652aab8896c856edca211d4c66c90d,TEF,eng
5906c748ae2170f0259fa3f4abeb149b,TFI,eng
fc5468372d5a5ebd99728eeedc5ba3a4,DSH,eng
4f5d3489a65f3d91403dd5d9e5329bee,BJT,eng
654de024829ac2d0d4be16e225160d9f,EJU,eng
4f5a8531996a690828de388828410330,CELPE,eng
d187e257009dd94dbcb96c6da6f1812d,DIPLE,eng
4cd8413207629a963225f4314b53adcd,Plain,eng
fd1dd0c603be8170f9eae0be9f2f6afb,Direct,eng
637d5dd1f16a4cc1d923588cb55ede49,دورة,ara
f6b49b7da62a112311f1af06a5742e9f,FCE,ara
b66068cf75e5acb6cf1af2ad1d0642ed,Exam,eng
c0a0d10fc018c11948d2472b6038a9c0,CELI,eng
e4218269679e8d10256d8574118f308e,HSK,eng
3c3cec74241178c326af9ecc748f8a5e,GMAT,ara
b73014f259c910e9bb163ac74d4ea3d2,DALF,ara
684e1388a91900480c702ac5b8f6b4d8,SAT,ara
90652aab8896c856edca211d4c66c90d,TEF,ara
fc5468372d5a5ebd99728eeedc5ba3a4,DSH,ara
f5fb0d4ea357163633d268f629a62a95,TOCFL,ara
f36d9d9d23b9ac62a0b3f82309536760,SIELE,ara
674fb279983522fde4ee7cf0fc27b277,تدريب,ara
2cd1c6ecec2c6d908b3ed66d4ea7b902,study,eng
aa8af3ebe14831a7cd1b6d1383a03755,chat,eng
f6b49b7da62a112311f1af06a5742e9f,FCE,por
3c3cec74241178c326af9ecc748f8a5e,GMAT,por
654de024829ac2d0d4be16e225160d9f,EJU,ger
b52967cc88dc9ce2824dd87dcf7575d2,insegnante,ita
f36d9d9d23b9ac62a0b3f82309536760,SIELE,eng
33c0478b996aa76815627291a57e5689,improve,eng
b4d45708de4ddb301ffd4666a5949344,CAE,ara
1f8857d3b32243ed908283ef1570c001,IELTS,eng
f5fb0d4ea357163633d268f629a62a95,TOCFL,eng
0fc5f7359321646f36a359f92d7a3c0f,TORFL,eng
339d8d14024f2ae5c8dc2e07362eba1d,learn,eng
b24e9760291913eedc16833c977f976f,conversation,eng
71f1743a7e335df5df56aa1eac336cc6,CNAVT,ara
7706998cba9c59295e0416087833034c,ICAS,ara
34c3c72c9244d4a381975e146a319c44,OET,ara
d6e4c7a7b34a07c73a779bb15c341083,تدرّب,ara
b4d45708de4ddb301ffd4666a5949344,CAE,por
684e1388a91900480c702ac5b8f6b4d8,SAT,por
654de024829ac2d0d4be16e225160d9f,EJU,por
456c7996e5729627fddf96470e5e0948,cours,fre
e65da42c0d05488f54e2ccdee9a2d767,TOEIC,fre
1f8857d3b32243ed908283ef1570c001,IELTS,ger
ce382dc732a94f0fea953833111a42cf,TOEFL,ger
340cd1dcf5d3871fa2584362194cc4fe,NT2,ita
f6b49b7da62a112311f1af06a5742e9f,FCE,cht
8e5f3adee38c8fccc13c1f3be0143796,native,eng
8527c24d06d660c39c108577cd891cd9,PTE,eng
e65da42c0d05488f54e2ccdee9a2d767,TOEIC,eng
94e7f203ba80123f1182484c1c7351a7,TCF,eng
8c40400c009918b5f10b73f9a0e47398,practice,eng
8045a0a6c688b0635e3caccc408a1446,Generic,eng
c185ddac8b5a8f5aa23c5b80bc12d214,training,eng
3f2765db6765cddeb1642ff9b9bfe6c4,مدرّس,ara
2a1e0ca4d0aedc6d488d84ce27809256,امتحان,ara
046d47672cf6212d201d6e8b0c191e73,course,eng
2b266e62509986a999b9bb14b225c7b7,TestDaF,eng
ad6acac903e1b8b517a7f3be3080b665,CIPLE,eng
64b59718a47cf57a5e4f8443ff43d117,talk,eng
b85477812d3565b0d55e85d9513692f2,صف,ara
f1c3632a05a58e78dbd481f11b98d777,مدرسة,ara
98e2fdd174d9b634e49d4361be026730,DELF,ara
c0a0d10fc018c11948d2472b6038a9c0,CELI,ara
4a860b1ed2ad18d4a09a0ed2cce56210,SelfStudy,eng
63ab6736884d8d5066d7b376693bc2ce,lição,por
1d86ec4ce9d3a4cf793d052268bd1924,aula,por
b4d45708de4ddb301ffd4666a5949344,CAE,eng
ce382dc732a94f0fea953833111a42cf,TOEFL,eng
684e1388a91900480c702ac5b8f6b4d8,SAT,eng
178522587663ca1b2c3e10d8d1351a4c,DELE,eng
c815f09da90fdcb986a0e7bf4e732fb4,Preply,eng
5a02420ee1ee44d0f36448950669f2e1,معلم,ara
f23387d3c1374d5690639161b10d11a9,شريك,ara
340cd1dcf5d3871fa2584362194cc4fe,NT2,ara
90d991b47098ceef3d8283a386cf7e91,ACT,ara
5906c748ae2170f0259fa3f4abeb149b,TFI,ara
ad6acac903e1b8b517a7f3be3080b665,CIPLE,ara
3c3cec74241178c326af9ecc748f8a5e,GMAT,eng
98e0fcc4a245d583dc4b497f05b332be,DEPLE,eng
34a99c3359b319f5a5f27644645122fd,أصلي,ara
1f8857d3b32243ed908283ef1570c001,IELTS,ara
8527c24d06d660c39c108577cd891cd9,PTE,ara
199263bca0611f1a57202aeb039e6cd4,CILS,ara
d187e257009dd94dbcb96c6da6f1812d,DIPLE,ara
4cd8413207629a963225f4314b53adcd,Plain,ara
69378f8c051ff8c5686c002e8202208a,speak,eng
e6fa5be517968617c85b491c90d72cde,JLPT,ara
8cf533e9669ca94413b681c20411f868,TOPIK,ara
4f5a8531996a690828de388828410330,CELPE,ara
98e0fcc4a245d583dc4b497f05b332be,DEPLE,ara
178522587663ca1b2c3e10d8d1351a4c,DELE,ara
0aa8d7b76c222bc8f2900b4a75f82e02,تكلم,ara
c815f09da90fdcb986a0e7bf4e732fb4,Preply,ara
1042013feadea5404c396dc5b7eb62ed,curso,por
7706998cba9c59295e0416087833034c,ICAS,por
1f8857d3b32243ed908283ef1570c001,IELTS,por
90652aab8896c856edca211d4c66c90d,TEF,por
5906c748ae2170f0259fa3f4abeb149b,TFI,por
8cf533e9669ca94413b681c20411f868,TOPIK,por
4f5a8531996a690828de388828410330,CELPE,por
53834f541b9428926e9fb70be672264b,aprender,por
dc50c3c1972bfd9a6e53080f9de5288a,falar,por
8235506bbe27785e3ad1428ca5b8faaa,praticar,por
e5f3eb8671816babc19f7dbcd0faaa7f,tuteur,fre
1f8857d3b32243ed908283ef1570c001,IELTS,fre
4f5d3489a65f3d91403dd5d9e5329bee,BJT,fre
a1c3fb0e3d546eee15f9989998799ac8,professeur,fre
8527c24d06d660c39c108577cd891cd9,PTE,fre
a7289131cf6f284839a3419197c04b6c,OSD,fre
c3844ad39745adab76c9ec5a9d9fd3d5,tutore,ita
fc5468372d5a5ebd99728eeedc5ba3a4,DSH,fre
366705e2c00ca7775fa25bebf559acc1,Stunde,ger
90d991b47098ceef3d8283a386cf7e91,ACT,ger
90652aab8896c856edca211d4c66c90d,TEF,ger
f5fb0d4ea357163633d268f629a62a95,TOCFL,ger
f49cfbc6953665dc0c3a9e0bfb7524e1,erlernen,ger
7706998cba9c59295e0416087833034c,ICAS,ita
a7289131cf6f284839a3419197c04b6c,OSD,ita
aca380d74cc1f329ac86e582391bdd88,Conversar,spa
d5a7d2958ce8b7fcd83275d8950e1947,taler,dan
1f8857d3b32243ed908283ef1570c001,IELTS,ind
b7e100370972921405a5381f5a00fe3f,دردشة,ara
5a753229efb8128b16b50c38708c6638,CAEL,ara
0fc5f7359321646f36a359f92d7a3c0f,TORFL,ara
fd1dd0c603be8170f9eae0be9f2f6afb,Direct,ara
ce382dc732a94f0fea953833111a42cf,TOEFL,ara
b9dae952251de41d4aedaec8dfb5d7ea,محادثة,ara
ce382dc732a94f0fea953833111a42cf,TOEFL,por
e65da42c0d05488f54e2ccdee9a2d767,TOEIC,por
fc5468372d5a5ebd99728eeedc5ba3a4,DSH,por
c0a0d10fc018c11948d2472b6038a9c0,CELI,por
e6fa5be517968617c85b491c90d72cde,JLPT,por
e4218269679e8d10256d8574118f308e,HSK,por
fd1dd0c603be8170f9eae0be9f2f6afb,Direct,por
513bcfa2b82dc1735a07b97b7f870106,BEC,fre
5a753229efb8128b16b50c38708c6638,CAEL,fre
b73014f259c910e9bb163ac74d4ea3d2,DALF,fre
2b266e62509986a999b9bb14b225c7b7,TestDaF,fre
34c3c72c9244d4a381975e146a319c44,OET,fre
ce382dc732a94f0fea953833111a42cf,TOEFL,fre
94e7f203ba80123f1182484c1c7351a7,TCF,fre
0fc5f7359321646f36a359f92d7a3c0f,TORFL,fre
325936e0b2feedf53cf22ff53d170616,autoapprentissage,fre
78fb020c2f9441e3601c63c8f9a3a0a3,ESOL,ger
c0a0d10fc018c11948d2472b6038a9c0,CELI,ger
d7c5c921b7e75a6544dce23d6d48628b,verbessern,ger
eaceaaa75a82f5a5f05da4cf2d167f1d,konversation,ger
2b266e62509986a999b9bb14b225c7b7,TestDaF,por
9495e32602461f1d08a21d3640e13ceb,formação,por
71f1743a7e335df5df56aa1eac336cc6,CNAVT,fre
4f5d3489a65f3d91403dd5d9e5329bee,BJT,ger
7706998cba9c59295e0416087833034c,ICAS,ger
c815f09da90fdcb986a0e7bf4e732fb4,Preply,ger
71f1743a7e335df5df56aa1eac336cc6,CNAVT,ita
513bcfa2b82dc1735a07b97b7f870106,BEC,ita
5169cbb2a14817982cf6299cfec24d41,درس,ara
6220a030be5f7a8c4760d3e9b4d5d9ee,lesson,eng
bbfa42923c997b26da660367cfc9c77d,تعّلم,ara
af525eda6429f9becbe2e288aad55a1b,دراسة,ara
5a753229efb8128b16b50c38708c6638,CAEL,eng
b73014f259c910e9bb163ac74d4ea3d2,DALF,eng
a7289131cf6f284839a3419197c04b6c,OSD,eng
65ccf0f205fb154d14c470767026d75e,National,eng
eebfc4b623ebcfda019c73b4aec4dfa0,متحدث,ara
513bcfa2b82dc1735a07b97b7f870106,BEC,ara
2b266e62509986a999b9bb14b225c7b7,TestDaF,ara
e4218269679e8d10256d8574118f308e,HSK,ara
02efe2ea0c6e18e01a8713afa2ff891d,طوّر,ara
199263bca0611f1a57202aeb039e6cd4,CILS,eng
169cf9254487cafe5ad2e37f9cab2002,falante,por
a428c320148024680316bff752abd228,nativo,por
340cd1dcf5d3871fa2584362194cc4fe,NT2,por
513bcfa2b82dc1735a07b97b7f870106,BEC,por
5a753229efb8128b16b50c38708c6638,CAEL,por
98e2fdd174d9b634e49d4361be026730,DELF,por
94e7f203ba80123f1182484c1c7351a7,TCF,por
98e0fcc4a245d583dc4b497f05b332be,DEPLE,por
e05828167b6197156b703238ee66cd09,estudo,por
b698a11e3c42095b8e61b9883e245c08,melhorar,por
32bd3b82800c20c82f979e3cf1b26917,examen,fre
d9bf28a92935b77078d100f36febd7fe,école,fre
340cd1dcf5d3871fa2584362194cc4fe,NT2,fre
90d991b47098ceef3d8283a386cf7e91,ACT,fre
98e2fdd174d9b634e49d4361be026730,DELF,fre
5906c748ae2170f0259fa3f4abeb149b,TFI,fre
98e0fcc4a245d583dc4b497f05b332be,DEPLE,fre
d54f752090714b0f73f8a5fca7d5bb0c,Tutor*in,ger
b4d45708de4ddb301ffd4666a5949344,CAE,ger
e6fa5be517968617c85b491c90d72cde,JLPT,ger
5906c748ae2170f0259fa3f4abeb149b,TFI,ger
b220a9d867dd0b8dcdcc7d1b66e44cb9,lernen,ger
e65da42c0d05488f54e2ccdee9a2d767,TOEIC,ger
4f5d3489a65f3d91403dd5d9e5329bee,BJT,ita
d187e257009dd94dbcb96c6da6f1812d,DIPLE,ita
65ccf0f205fb154d14c470767026d75e,National,ita
18f8b22a6acc5d43e86d4dddfc624ab0,Tutores,spa
98e2fdd174d9b634e49d4361be026730,DELF,spa
c815f09da90fdcb986a0e7bf4e732fb4,Preply,spa
1b849a8e63f525e1bfdbdf06522bd7ee,træning,dan
61def6086095cea5acf6ac3120b56e04,本國,cht
a7289131cf6f284839a3419197c04b6c,OSD,ind
e6fa5be517968617c85b491c90d72cde,JLPT,eng
8cf533e9669ca94413b681c20411f868,TOPIK,eng
78fb020c2f9441e3601c63c8f9a3a0a3,ESOL,ara
e65da42c0d05488f54e2ccdee9a2d767,TOEIC,ara
94e7f203ba80123f1182484c1c7351a7,TCF,ara
a7289131cf6f284839a3419197c04b6c,OSD,ara
9fee697d3c1684c9c253ed4d526860d7,تحدث,ara
4f5d3489a65f3d91403dd5d9e5329bee,BJT,ara
654de024829ac2d0d4be16e225160d9f,EJU,ara
3f9cd3c7b11eb1bae99dddb3d05da3c5,professor,por
22935d7f7084b1ef474f7a006d2102ce,parceiro,por
c77f6ffecb9c2177fe3c6ee85eab22f5,exame,por
3c0855b189d8d38ba9c235bdbb6b30ab,escola,por
71f1743a7e335df5df56aa1eac336cc6,CNAVT,por
90d991b47098ceef3d8283a386cf7e91,ACT,por
34c3c72c9244d4a381975e146a319c44,OET,por
8527c24d06d660c39c108577cd891cd9,PTE,por
b73014f259c910e9bb163ac74d4ea3d2,DALF,por
ad6acac903e1b8b517a7f3be3080b665,CIPLE,por
0fc5f7359321646f36a359f92d7a3c0f,TORFL,por
f36d9d9d23b9ac62a0b3f82309536760,SIELE,por
2814ca1dc6aa376dd41f927bb2f93972,conversação,por
4cd8413207629a963225f4314b53adcd,Plain,por
c815f09da90fdcb986a0e7bf4e732fb4,Preply,por
41381934a61431d2080b15e8cd17aece,locuteur,fre
5bd40a8524882d75f3083903f2c912fc,partenaire,fre
aac80d3852253c28fec23930ddfa73da,leçon,fre
90652aab8896c856edca211d4c66c90d,TEF,fre
c0a0d10fc018c11948d2472b6038a9c0,CELI,fre
e6fa5be517968617c85b491c90d72cde,JLPT,fre
e4218269679e8d10256d8574118f308e,HSK,fre
65ccf0f205fb154d14c470767026d75e,National,fre
dece4b6e06b4c84ee1d1ae49cb8f8f27,pratiquer,fre
b24e9760291913eedc16833c977f976f,conversation,fre
1af080153383444d8f5b3602d7bb11fd,classe,fre
f6b49b7da62a112311f1af06a5742e9f,FCE,fre
8cf533e9669ca94413b681c20411f868,TOPIK,fre
178522587663ca1b2c3e10d8d1351a4c,DELE,fre
8045a0a6c688b0635e3caccc408a1446,Generic,fre
513bcfa2b82dc1735a07b97b7f870106,BEC,ger
3c3cec74241178c326af9ecc748f8a5e,GMAT,ger
34c3c72c9244d4a381975e146a319c44,OET,ger
199263bca0611f1a57202aeb039e6cd4,CILS,ger
e4218269679e8d10256d8574118f308e,HSK,ger
8045a0a6c688b0635e3caccc408a1446,Generic,ger
99360d860bf1bf894c46976c8123399c,Selbststudium,ger
1e78183412271b46d45899116cb4384f,Schulung,ger
ac99fecf6fcb8c25d18788d14a5384ee,docente,ita
199263bca0611f1a57202aeb039e6cd4,CILS,por
d187e257009dd94dbcb96c6da6f1812d,DIPLE,por
8045a0a6c688b0635e3caccc408a1446,Generic,por
5ab59c9bdf8ec05bb4e0d92c40a874db,natif,fre
aa8af3ebe14831a7cd1b6d1383a03755,chat,fre
78fb020c2f9441e3601c63c8f9a3a0a3,ESOL,fre
d187e257009dd94dbcb96c6da6f1812d,DIPLE,fre
f1a41f239896dc63a6eaeba863f0e7ce,formation,fre
c3aba59af34521268493418995fd109e,Sprecher*in,ger
f3d92b8ea0640586d56403e56e1b06aa,Unterricht,ger
99ee12eacf65225cf63c61d59c04cd95,Prüfung,ger
8527c24d06d660c39c108577cd891cd9,PTE,ger
98e2fdd174d9b634e49d4361be026730,DELF,ger
94e7f203ba80123f1182484c1c7351a7,TCF,ger
ad6acac903e1b8b517a7f3be3080b665,CIPLE,ger
d187e257009dd94dbcb96c6da6f1812d,DIPLE,ger
178522587663ca1b2c3e10d8d1351a4c,DELE,ger
4ec56ea748561d98fbbc8254c2ad29d6,üben,ger
2156c684bd0b94174a8e8d157c8c74f9,sich unterhalten,ger
fd1dd0c603be8170f9eae0be9f2f6afb,Direct,ger
d444d6957c78bfad983cfb20d95c570e,parlante,ita
7a7ea6908e33896ddcc8b82f264f4f7a,maestro,ita
9c8e13d0166d740b34bff739fe461afb,scuola,ita
b4d45708de4ddb301ffd4666a5949344,CAE,ita
65ccf0f205fb154d14c470767026d75e,National,ara
aa8af3ebe14831a7cd1b6d1383a03755,chat,por
f5fb0d4ea357163633d268f629a62a95,TOCFL,por
f6b49b7da62a112311f1af06a5742e9f,FCE,spa
34c3c72c9244d4a381975e146a319c44,OET,spa
5906c748ae2170f0259fa3f4abeb149b,TFI,spa
65ccf0f205fb154d14c470767026d75e,National,spa
8045a0a6c688b0635e3caccc408a1446,Generic,ara
78fb020c2f9441e3601c63c8f9a3a0a3,ESOL,por
65ccf0f205fb154d14c470767026d75e,National,por
25c8915bdd3409c527833166bcd2be43,autoestudo,por
3c3cec74241178c326af9ecc748f8a5e,GMAT,fre
7706998cba9c59295e0416087833034c,ICAS,fre
ad6acac903e1b8b517a7f3be3080b665,CIPLE,fre
63035f17bdaca2eee8fe96a88434912e,apprendre,fre
4146127520e388fc726cda626620d7aa,Muttersprachler*in,ger
fc5468372d5a5ebd99728eeedc5ba3a4,DSH,ger
2b266e62509986a999b9bb14b225c7b7,TestDaF,ger
684e1388a91900480c702ac5b8f6b4d8,SAT,fre
f5fb0d4ea357163633d268f629a62a95,TOCFL,fre
4cecc22bd1f82376afcd83491f2bc493,parler,fre
71f1743a7e335df5df56aa1eac336cc6,CNAVT,ger
b73014f259c910e9bb163ac74d4ea3d2,DALF,ger
684e1388a91900480c702ac5b8f6b4d8,SAT,ger
a7289131cf6f284839a3419197c04b6c,OSD,ger
f36d9d9d23b9ac62a0b3f82309536760,SIELE,ger
4cd8413207629a963225f4314b53adcd,Plain,ger
232588c86f08ea82e8c7dd6283dbe6c1,madrelingua,ita
f6b49b7da62a112311f1af06a5742e9f,FCE,ger
90d991b47098ceef3d8283a386cf7e91,ACT,ita
78fb020c2f9441e3601c63c8f9a3a0a3,ESOL,ita
fd1dd0c603be8170f9eae0be9f2f6afb,Direct,fre
596befa8ed524061b5abdb777cd9403e,corso,ita
f6b49b7da62a112311f1af06a5742e9f,FCE,ita
3c3cec74241178c326af9ecc748f8a5e,GMAT,ita
1f8857d3b32243ed908283ef1570c001,IELTS,ita
8527c24d06d660c39c108577cd891cd9,PTE,ita
ce382dc732a94f0fea953833111a42cf,TOEFL,ita
e65da42c0d05488f54e2ccdee9a2d767,TOEIC,ita
b73014f259c910e9bb163ac74d4ea3d2,DALF,ita
684e1388a91900480c702ac5b8f6b4d8,SAT,ita
90652aab8896c856edca211d4c66c90d,TEF,ita
5906c748ae2170f0259fa3f4abeb149b,TFI,ita
2b266e62509986a999b9bb14b225c7b7,TestDaF,ita
c0a0d10fc018c11948d2472b6038a9c0,CELI,ita
199263bca0611f1a57202aeb039e6cd4,CILS,ita
654de024829ac2d0d4be16e225160d9f,EJU,ita
4f5a8531996a690828de388828410330,CELPE,ita
ad6acac903e1b8b517a7f3be3080b665,CIPLE,ita
98e0fcc4a245d583dc4b497f05b332be,DEPLE,ita
e4218269679e8d10256d8574118f308e,HSK,ita
f5fb0d4ea357163633d268f629a62a95,TOCFL,ita
f36d9d9d23b9ac62a0b3f82309536760,SIELE,ita
3911e05fc3d97fb39b62e40ef9e71b9a,imparare,ita
c8536d95c98f5fcd0f0f5aac0b8fcc29,parlare,ita
abf57f378c012940e81315ad1e7abdb3,studiare,ita
074fd8ea7f006bfa86bdfd0fdf821b46,migliorare,ita
b75e7449fbfd4b228f20ffa0d849d80a,conversazione,ita
3a4eaaba1baaea2bac4dc39a0394e3e7,conversare,ita
4cd8413207629a963225f4314b53adcd,Plain,ita
c815f09da90fdcb986a0e7bf4e732fb4,Preply,ita
8045a0a6c688b0635e3caccc408a1446,Generic,ita
fd1dd0c603be8170f9eae0be9f2f6afb,Direct,ita
4d50c106b31b5db3532ff6af2b4f7e11,autoapprendimento,ita
1ac2ac50d73b07d6f9ca035a6b6b985c,formazione,ita
043729807503bc970737f41e732e206b,Profesores,spa
6d781a4899d112badc204d3a24205da2,Nativo,spa
0ff0a8d2c754fcbc2ec438e13fb43486,Socio,spa
099b58384e69e1aa6a564aa8a1964847,Maestros,spa
4b89efe556f6780ff72cad044b2cbedb,Clases,spa
efecb371dd2208f6476d817c1ed74614,Curso,spa
55dcdf017b51fc96f7b5f9d63013b95d,Chat,spa
8f901f64df116fdb4f832a6b200819b6,Examen,spa
7bd5fa509875d525e2cc5fe990c404db,Escuela,spa
71f1743a7e335df5df56aa1eac336cc6,CNAVT,spa
513bcfa2b82dc1735a07b97b7f870106,BEC,spa
b4d45708de4ddb301ffd4666a5949344,CAE,spa
5a753229efb8128b16b50c38708c6638,CAEL,spa
7706998cba9c59295e0416087833034c,ICAS,spa
8527c24d06d660c39c108577cd891cd9,PTE,spa
ce382dc732a94f0fea953833111a42cf,TOEFL,spa
684e1388a91900480c702ac5b8f6b4d8,SAT,spa
94e7f203ba80123f1182484c1c7351a7,TCF,spa
90652aab8896c856edca211d4c66c90d,TEF,spa
fc5468372d5a5ebd99728eeedc5ba3a4,DSH,spa
c0a0d10fc018c11948d2472b6038a9c0,CELI,spa
199263bca0611f1a57202aeb039e6cd4,CILS,spa
4f5d3489a65f3d91403dd5d9e5329bee,BJT,spa
e6fa5be517968617c85b491c90d72cde,JLPT,spa
8cf533e9669ca94413b681c20411f868,TOPIK,spa
ad6acac903e1b8b517a7f3be3080b665,CIPLE,spa
98e0fcc4a245d583dc4b497f05b332be,DEPLE,spa
d187e257009dd94dbcb96c6da6f1812d,DIPLE,spa
e4218269679e8d10256d8574118f308e,HSK,spa
f5fb0d4ea357163633d268f629a62a95,TOCFL,spa
f36d9d9d23b9ac62a0b3f82309536760,SIELE,spa
4c972a1520cf835dde6af0a9b4d7b2d7,Hablar,spa
4ae3ac35a3ff4a5920b63c0e120cd679,Mejorar,spa
4444442c1825f7e36f8bc983626a0510,Conversación,spa
8045a0a6c688b0635e3caccc408a1446,Generic,spa
fd1dd0c603be8170f9eae0be9f2f6afb,Direct,spa
c659149a3da642c5f8faf1446d491139,Autoaprendizaje,spa
9e0255a8ea700fe0654b418e78815c6c,Formacion,spa
1f6f42334e1709a4e0f9922ad789912b,tutor,dan
7454739e907f5595ae61d84b8547f574,partner,dan
24a0be34286ed042f7adabd5bede104a,lektion,dan
71f1743a7e335df5df56aa1eac336cc6,CNAVT,dan
90d991b47098ceef3d8283a386cf7e91,ACT,dan
f6b49b7da62a112311f1af06a5742e9f,FCE,dan
8527c24d06d660c39c108577cd891cd9,PTE,dan
e65da42c0d05488f54e2ccdee9a2d767,TOEIC,dan
684e1388a91900480c702ac5b8f6b4d8,SAT,dan
94e7f203ba80123f1182484c1c7351a7,TCF,dan
90652aab8896c856edca211d4c66c90d,TEF,dan
a7289131cf6f284839a3419197c04b6c,OSD,dan
4f5d3489a65f3d91403dd5d9e5329bee,BJT,dan
654de024829ac2d0d4be16e225160d9f,EJU,dan
f5fb0d4ea357163633d268f629a62a95,TOCFL,dan
92b87a96c82818f683299540c1d84ed0,lære,dan
4d3debafdd402130036512d2af7f3661,tale,dan
a4f85cac2868bffc0f6a0bb08f8a8adb,øve,dan
f270bfebafdf8ad793e969de2cde5176,snakke,dan
7cc592de05a2046e25ba79b04b53387c,Estudiar,spa
7ee2dffe38f166c311c5a28f744f0ec5,tuutori,fin
13fe41e00b88baa73a1482e1482c8854,puhuja,fin
340cd1dcf5d3871fa2584362194cc4fe,NT2,fin
90d991b47098ceef3d8283a386cf7e91,ACT,fin
513bcfa2b82dc1735a07b97b7f870106,BEC,fin
b4d45708de4ddb301ffd4666a5949344,CAE,fin
78fb020c2f9441e3601c63c8f9a3a0a3,ESOL,fin
34c3c72c9244d4a381975e146a319c44,OET,fin
ce382dc732a94f0fea953833111a42cf,TOEFL,fin
b73014f259c910e9bb163ac74d4ea3d2,DALF,fin
fc5468372d5a5ebd99728eeedc5ba3a4,DSH,fin
a7289131cf6f284839a3419197c04b6c,OSD,fin
654de024829ac2d0d4be16e225160d9f,EJU,fin
f5fb0d4ea357163633d268f629a62a95,TOCFL,fin
7f925d6a99c4645d63550a44cc5b91d1,Kansallinen,fin
3e2328eedd83301f9a081b1c4e727eb2,harjoitella,fin
971ceb50d497dcdb9e90bbc7732e098c,parantaa,fin
178522587663ca1b2c3e10d8d1351a4c,DELE,ita
3c3cec74241178c326af9ecc748f8a5e,GMAT,dan
78175cd46466973a182cca415ee4a85a,forbedre,dan
dec21b7b0ec8dec7df690d6b9c4ea08f,selvstudie,dan
71f1743a7e335df5df56aa1eac336cc6,CNAVT,fin
98e2fdd174d9b634e49d4361be026730,DELF,fin
5906c748ae2170f0259fa3f4abeb149b,TFI,fin
199263bca0611f1a57202aeb039e6cd4,CILS,fin
8cf533e9669ca94413b681c20411f868,TOPIK,fin
98e0fcc4a245d583dc4b497f05b332be,DEPLE,fin
2851cd757b5b52198b5798f74e151a73,opiskella,fin
a66aedfddf4ef5d47ee05f222c2ea2f8,studere,dan
e4218269679e8d10256d8574118f308e,HSK,fin
7b8b38bef48e18217717848ad1e54e5f,Itseopiskelu,fin
178522587663ca1b2c3e10d8d1351a4c,DELE,fin
7454739e907f5595ae61d84b8547f574,partner,pol
83ec2295a5107ea252f8f45455f33eb9,egzamin,pol
c50581795ee1fe6f319907075f95e700,szkoła,pol
340cd1dcf5d3871fa2584362194cc4fe,NT2,pol
90d991b47098ceef3d8283a386cf7e91,ACT,pol
5a753229efb8128b16b50c38708c6638,CAEL,pol
8527c24d06d660c39c108577cd891cd9,PTE,pol
e65da42c0d05488f54e2ccdee9a2d767,TOEIC,pol
684e1388a91900480c702ac5b8f6b4d8,SAT,pol
fc5468372d5a5ebd99728eeedc5ba3a4,DSH,pol
654de024829ac2d0d4be16e225160d9f,EJU,pol
e6fa5be517968617c85b491c90d72cde,JLPT,pol
4f5a8531996a690828de388828410330,CELPE,pol
d5e786dc6a2b8a4f2256a898056c6c10,narodowy,pol
178522587663ca1b2c3e10d8d1351a4c,DELE,pol
f36d9d9d23b9ac62a0b3f82309536760,SIELE,pol
72fe44cb3f980b5877dd27b48bd3029e,opanowywać,pol
c841550d21012e945b0c15ad5164dac9,mówić,pol
a5c48a0df2ff0f4b889bb6f84e3b13f0,uczyć się,pol
a331bb0803eddd2b3b02c751db163a4f,poprawiać,pol
4cd8413207629a963225f4314b53adcd,Plain,pol
fd1dd0c603be8170f9eae0be9f2f6afb,Direct,pol
9056e6c477f7bae11860fa3ca41be687,συνεργάτης,gre
71f1743a7e335df5df56aa1eac336cc6,CNAVT,gre
90d991b47098ceef3d8283a386cf7e91,ACT,gre
3c3cec74241178c326af9ecc748f8a5e,GMAT,gre
7706998cba9c59295e0416087833034c,ICAS,gre
94e7f203ba80123f1182484c1c7351a7,TCF,gre
5906c748ae2170f0259fa3f4abeb149b,TFI,gre
a7289131cf6f284839a3419197c04b6c,OSD,gre
2b266e62509986a999b9bb14b225c7b7,TestDaF,gre
c0a0d10fc018c11948d2472b6038a9c0,CELI,gre
654de024829ac2d0d4be16e225160d9f,EJU,gre
a36ed6ebe7a6e14cfec5002cadb8e238,βελτιώνω,gre
f4e72ce3ffdb8aa34d373c3f7c8cffb4,συζητώ,gre
cf4bb0943202294be94896799389ffe6,Γενικά,gre
c0abbfb414cfe15f8644a61570345de2,聊天,cht
e2ceb5002bbde22091de786124d9fa6d,學校,cht
71f1743a7e335df5df56aa1eac336cc6,CNAVT,cht
90d991b47098ceef3d8283a386cf7e91,ACT,cht
513bcfa2b82dc1735a07b97b7f870106,BEC,cht
78fb020c2f9441e3601c63c8f9a3a0a3,ESOL,cht
98e2fdd174d9b634e49d4361be026730,DELF,cht
fc5468372d5a5ebd99728eeedc5ba3a4,DSH,cht
e6fa5be517968617c85b491c90d72cde,JLPT,cht
ad6acac903e1b8b517a7f3be3080b665,CIPLE,cht
d187e257009dd94dbcb96c6da6f1812d,DIPLE,cht
f5fb0d4ea357163633d268f629a62a95,TOCFL,cht
178522587663ca1b2c3e10d8d1351a4c,DELE,cht
c290b27ea2c04b3730709cf8f3399132,提升,cht
bf3b9afe56c1e485f506209d7ff8dfa5,自學,cht
8b48c015dd5689d52246f088605f8e60,penutur,ind
d390484e9845e01de79886ab5fe94fc9,ujian,ind
fef4cda9b13cc54433ef48d9277128d5,sekolah,ind
90d991b47098ceef3d8283a386cf7e91,ACT,ind
98e2fdd174d9b634e49d4361be026730,DELF,ind
684e1388a91900480c702ac5b8f6b4d8,SAT,ind
654de024829ac2d0d4be16e225160d9f,EJU,ind
e6fa5be517968617c85b491c90d72cde,JLPT,ind
98e0fcc4a245d583dc4b497f05b332be,DEPLE,ind
d187e257009dd94dbcb96c6da6f1812d,DIPLE,ind
59c5d05c77dbf7fd19c6ff2a3cfe246a,Nasional,ind
1c30a6ff8542215f75a3e02d7e410e4b,bicara OR berbicara,ind
28aaeeb788badc1d0943a79b86b13daf,berlatih,ind
179a3837fb92151a87a24413a36ed0ee,קורס,heb
5a753229efb8128b16b50c38708c6638,CAEL,heb
ce382dc732a94f0fea953833111a42cf,TOEFL,heb
684e1388a91900480c702ac5b8f6b4d8,SAT,heb
94e7f203ba80123f1182484c1c7351a7,TCF,heb
5906c748ae2170f0259fa3f4abeb149b,TFI,heb
fc5468372d5a5ebd99728eeedc5ba3a4,DSH,heb
2b266e62509986a999b9bb14b225c7b7,TestDaF,heb
c0a0d10fc018c11948d2472b6038a9c0,CELI,heb
4f5d3489a65f3d91403dd5d9e5329bee,BJT,heb
e6fa5be517968617c85b491c90d72cde,JLPT,heb
8cf533e9669ca94413b681c20411f868,TOPIK,heb
ad6acac903e1b8b517a7f3be3080b665,CIPLE,heb
d187e257009dd94dbcb96c6da6f1812d,DIPLE,heb
178522587663ca1b2c3e10d8d1351a4c,DELE,heb
e86dd5feabd1036a19aa8c1d534f2e90,לתרגל,heb
389abc23303579a3c6209ec3148aa384,講師,jpn
80fdc89dd08a67993cdc4474dfef9708,話者,jpn
c8fe5683be118d3ef5af359142423329,クラス,jpn
5a753229efb8128b16b50c38708c6638,CAEL,jpn
e65da42c0d05488f54e2ccdee9a2d767,TOEIC,jpn
94e7f203ba80123f1182484c1c7351a7,TCF,jpn
65ccf0f205fb154d14c470767026d75e,National,jpn
42325260d8434a573a40d89647f194af,練習,jpn
00d5a294ef43ae80ebd85a5f3e40f68d,向上,jpn
fd1dd0c603be8170f9eae0be9f2f6afb,Direct,jpn
e0c4451120f2a1aa135ca841814eb7b6,トレーニング,jpn
0fad65438b349d6b65d6a63686cb00fa,원어민,kor
a835ef87ae418c0f7563eb464ccc3156,레슨,kor
8527c24d06d660c39c108577cd891cd9,PTE,kor
90652aab8896c856edca211d4c66c90d,TEF,kor
e6fa5be517968617c85b491c90d72cde,JLPT,kor
733846d851e8dcc9b6c8e30e163dbcdb,배우기,kor
46e20a3db0467785c57540e35d9dfbdb,향상시키기,kor
d3f9b71236dc0667f69eb3b33398f07e,대화하기,kor
2287b361d9cc950b67ed56735a29bc55,Tcf,dut
50430daaf9986c9ad41489e2f34384ae,Siele,dut
7c17e1967945ef61733fb645cf201c87,leren,dut
1b4e666beb0404a1e2abcef91f84ca57,studieveileder,nor
1f53cd4a51064068c05cfc6c2d494312,kurs,nor
e6fa5be517968617c85b491c90d72cde,JLPT,nor
f270bfebafdf8ad793e969de2cde5176,snakke,nor
ba8b1c824f53c0be5d48caecf3b5e130,samtale,nor
dcf68227bac9fe0e91c0659ec73b394e,opplæring,nor
ad6acac903e1b8b517a7f3be3080b665,CIPLE,pol
2c278343f98b426eacd459c7e3d646bb,Школа,rus
81f2c062045f588d3a8062851183b42d,Dsh,rus
c6c0a424c1aafa5f993fa3f19908ae9c,Bjt,rus
65ccf0f205fb154d14c470767026d75e,National,rus
5abbe2ca926ed714d52e56182fe3c1c2,Dele,rus
3e5b44700b27fa6067e040933ace0839,вчитель,ukr
108a35bdf7a49faa4d00fe2522db569c,школа,ukr
81bbdad0b7d94e2767581b7636c84d2b,Esol,ukr
07a275f8726fd508bafa59c789593394,вивчати,ukr
c815f09da90fdcb986a0e7bf4e732fb4,Preply,ukr
c428f0c0375a66be5c337144495f7f20,навчання,ukr
340cd1dcf5d3871fa2584362194cc4fe,NT2,heb
e4218269679e8d10256d8574118f308e,HSK,heb
f36d9d9d23b9ac62a0b3f82309536760,SIELE,heb
bc1c4c137e1cbbf75bc98ba4b45d440c,Cael,dut
99e29bbe154a3ba8416a64cb09b526b4,Tef,dut
12f989f6c3d61136911e82aa2c855c72,Tfi,dut
d8ea5b5376c67e8cc4be98924bcca31d,Nationaal,dut
6eef0d7bbb0bb3f7b5489062d60f2657,conversatie,dut
c0a0d10fc018c11948d2472b6038a9c0,CELI,nor
92b87a96c82818f683299540c1d84ed0,lære,nor
d07ce1a726f40a1fccb3757ae5404e7f,Celi,rus
f558a3df8e6fd7305c90ded1b1ead135,Celpe,rus
cf3e417f51ccb2646807c6592424950d,Hsk,rus
72707288908de77d6320800b1d1459f6,екзамен,ukr
347dac306f2e3c8caa7b65f521436b49,Jlpt,ukr
30c7eaf2c005b864694176f904536e98,Topik,rus
90d991b47098ceef3d8283a386cf7e91,ACT,swe
7706998cba9c59295e0416087833034c,ICAS,swe
ad6acac903e1b8b517a7f3be3080b665,CIPLE,swe
178522587663ca1b2c3e10d8d1351a4c,DELE,swe
7cde96ba8e2f8344b409248dfa8e799e,preply,swe
413b738061f6a5148fa3704c5c5bdca9,学校,chi
513bcfa2b82dc1735a07b97b7f870106,BEC,chi
b4d45708de4ddb301ffd4666a5949344,CAE,chi
7706998cba9c59295e0416087833034c,ICAS,chi
ce382dc732a94f0fea953833111a42cf,TOEFL,chi
e65da42c0d05488f54e2ccdee9a2d767,TOEIC,chi
684e1388a91900480c702ac5b8f6b4d8,SAT,chi
94e7f203ba80123f1182484c1c7351a7,TCF,chi
0fc5f7359321646f36a359f92d7a3c0f,TORFL,chi
04da82c98345944a5c78c3cb4ac497e6,ครู,tha
81dbeed304e8ca2411aabad4703e1e36,ชั้นเรียน,tha
199263bca0611f1a57202aeb039e6cd4,CILS,tha
78fb020c2f9441e3601c63c8f9a3a0a3,ESOL,spa
340cd1dcf5d3871fa2584362194cc4fe,NT2,dan
0fc5f7359321646f36a359f92d7a3c0f,TORFL,dan
178522587663ca1b2c3e10d8d1351a4c,DELE,dan
4cd8413207629a963225f4314b53adcd,Plain,spa
ce382dc732a94f0fea953833111a42cf,TOEFL,pol
f5fb0d4ea357163633d268f629a62a95,TOCFL,pol
cddc81f36fac942e41e287e7e68915af,δάσκαλος,gre
b4d45708de4ddb301ffd4666a5949344,CAE,gre
98e2fdd174d9b634e49d4361be026730,DELF,gre
ad6acac903e1b8b517a7f3be3080b665,CIPLE,gre
f36d9d9d23b9ac62a0b3f82309536760,SIELE,gre
ca007b19fce86a3bf3e629350545f31a,課,cht
f36d9d9d23b9ac62a0b3f82309536760,SIELE,cht
66e6ec87ac2424e3a48c6e01f26df9b9,pelajaran,ind
178522587663ca1b2c3e10d8d1351a4c,DELE,ind
41cfafb07f0d560a5639a58490b29a86,לחקור,heb
1f8857d3b32243ed908283ef1570c001,IELTS,jpn
8527c24d06d660c39c108577cd891cd9,PTE,jpn
98e2fdd174d9b634e49d4361be026730,DELF,jpn
98e0fcc4a245d583dc4b497f05b332be,DEPLE,jpn
684e1388a91900480c702ac5b8f6b4d8,SAT,kor
234f618e5504f558037749ea105e7f60,Ielts,dut
34958ad86ae6b445e1f11296e45c33e1,Cils,dut
78fb020c2f9441e3601c63c8f9a3a0a3,ESOL,nor
59f1f139de78872b53d376415a6ba4c8,Носитель языка,rus
d2b74163ed3fed2db7d7e41d84aca1f0,Курс,rus
2ecfba83e70dfc88a3058a4c4327ee38,Testdaf,rus
4cd8413207629a963225f4314b53adcd,Plain,rus
89375f8e5cba5ab4a66588cf1d54d40f,говорити,ukr
d4e7c7e0e32d1436ca8b4076ce89b1f3,כיתה,heb
e2abc0ac0803b0d8733b15069ae526b7,Fce,rus
83ee4f10b8b06c452f72470a5a45ab58,Toefl,rus
de317c826e773115556504f010021f9b,말하기,kor
2287b361d9cc950b67ed56735a29bc55,Tcf,rus
b4d45708de4ddb301ffd4666a5949344,CAE,swe
b73014f259c910e9bb163ac74d4ea3d2,DALF,swe
654de024829ac2d0d4be16e225160d9f,EJU,swe
d57b6f2f5ae027a90e2dea6ba448477c,教师,chi
c0a0d10fc018c11948d2472b6038a9c0,CELI,chi
178522587663ca1b2c3e10d8d1351a4c,DELE,chi
b3aa9cae4cb5b1fa850c461fda390b72,说话,chi
90d991b47098ceef3d8283a386cf7e91,ACT,tha
b4d45708de4ddb301ffd4666a5949344,CAE,tha
78fb020c2f9441e3601c63c8f9a3a0a3,ESOL,tha
e4218269679e8d10256d8574118f308e,HSK,cht
e4218269679e8d10256d8574118f308e,HSK,chi
d187e257009dd94dbcb96c6da6f1812d,DIPLE,tha
f5fb0d4ea357163633d268f629a62a95,TOCFL,tha
f36d9d9d23b9ac62a0b3f82309536760,SIELE,tha
437f8ac3dcb5ecf971e3fd53c0f7aae3,ปรับปรุง,tha
6807ddc14c67b6b233c91824bd799cc7,sohbet,tur
b4d45708de4ddb301ffd4666a5949344,CAE,tur
e6fa5be517968617c85b491c90d72cde,JLPT,tur
d187e257009dd94dbcb96c6da6f1812d,DIPLE,tur
efa71f686a60acc10647b1ce86f8d55f,Ulusal,tur
9a592d38d820318ed17943ac6f5391b7,دراسة ذاتية,ara
4f5d3489a65f3d91403dd5d9e5329bee,BJT,por
178522587663ca1b2c3e10d8d1351a4c,DELE,por
199263bca0611f1a57202aeb039e6cd4,CILS,fre
654de024829ac2d0d4be16e225160d9f,EJU,fre
4adfa3dbcd872a3c8f1b3bc46799272b,étudier,fre
c815f09da90fdcb986a0e7bf4e732fb4,Preply,fre
f36d9d9d23b9ac62a0b3f82309536760,SIELE,fre
bd8bc36eb41bc90c585ae7e902e9e284,discussion,fre
4cd8413207629a963225f4314b53adcd,Plain,fre
51713b7bd00f38b9d641759b95a81018,Partner*in,ger
2589218df2ad6f6039a95d9d4dd979a3,Kurs,ger
5a753229efb8128b16b50c38708c6638,CAEL,ger
65ccf0f205fb154d14c470767026d75e,National,ger
a34d904bee6c45cb825309c6184bb404,sprechen,ger
7e0ccd232bfb44c90ce4fe8bc1a3bb52,professore,ita
a7289131cf6f284839a3419197c04b6c,OSD,por
4f5a8531996a690828de388828410330,CELPE,fre
1581a6d3fbc70c6a84465d49683c0fd4,améliorer,fre
d8e1f35a6142904888a9b3f286f903f2,Lehrer*in,ger
55dcdf017b51fc96f7b5f9d63013b95d,Chat,ger
f587e02939ff7f0474ad57eeb0e39e8c,Schule,ger
340cd1dcf5d3871fa2584362194cc4fe,NT2,ger
8cf533e9669ca94413b681c20411f868,TOPIK,ger
4f5a8531996a690828de388828410330,CELPE,ger
98e0fcc4a245d583dc4b497f05b332be,DEPLE,ger
0fc5f7359321646f36a359f92d7a3c0f,TORFL,ger
7454739e907f5595ae61d84b8547f574,partner,ita
b4d45708de4ddb301ffd4666a5949344,CAE,fre
f620d2b9aea5d2bd89983173a983d65c,lezioni,ita
1af080153383444d8f5b3602d7bb11fd,classe,ita
aa8af3ebe14831a7cd1b6d1383a03755,chat,ita
eb7552e2a95c2734882c4a63ce6bf43f,esame,ita
5a753229efb8128b16b50c38708c6638,CAEL,ita
98e2fdd174d9b634e49d4361be026730,DELF,ita
94e7f203ba80123f1182484c1c7351a7,TCF,ita
fc5468372d5a5ebd99728eeedc5ba3a4,DSH,ita
e6fa5be517968617c85b491c90d72cde,JLPT,ita
8cf533e9669ca94413b681c20411f868,TOPIK,ita
0fc5f7359321646f36a359f92d7a3c0f,TORFL,ita
e80e8de35a0838370afcbef45a11df8d,practicare,ita
c7dc0c91e672fec773b574878d8195dd,Hablante,spa
3c5644400c2d9fe2bfeab2e5f46fa64a,Lecciones,spa
340cd1dcf5d3871fa2584362194cc4fe,NT2,spa
3c3cec74241178c326af9ecc748f8a5e,GMAT,spa
1f8857d3b32243ed908283ef1570c001,IELTS,spa
e65da42c0d05488f54e2ccdee9a2d767,TOEIC,spa
b73014f259c910e9bb163ac74d4ea3d2,DALF,spa
a7289131cf6f284839a3419197c04b6c,OSD,spa
2b266e62509986a999b9bb14b225c7b7,TestDaF,spa
654de024829ac2d0d4be16e225160d9f,EJU,spa
4f5a8531996a690828de388828410330,CELPE,spa
178522587663ca1b2c3e10d8d1351a4c,DELE,spa
0dbc4ed38e0e65ba70c3f6a046f5da6c,indfødt,dan
07cc694b9b3fc636710fa08b6922c42b,time,dan
b4129b5c652aed47623fc5af8a9a3c9c,kursus,dan
aa8af3ebe14831a7cd1b6d1383a03755,chat,dan
aa99a57e1c999cad9d96d3ed35775458,Eksamen,dan
5bd1be2c1c287abe0731a43dda5eae9a,skole,dan
513bcfa2b82dc1735a07b97b7f870106,BEC,dan
b4d45708de4ddb301ffd4666a5949344,CAE,dan
5a753229efb8128b16b50c38708c6638,CAEL,dan
78fb020c2f9441e3601c63c8f9a3a0a3,ESOL,dan
1f8857d3b32243ed908283ef1570c001,IELTS,dan
ce382dc732a94f0fea953833111a42cf,TOEFL,dan
b73014f259c910e9bb163ac74d4ea3d2,DALF,dan
fc5468372d5a5ebd99728eeedc5ba3a4,DSH,dan
c0a0d10fc018c11948d2472b6038a9c0,CELI,dan
199263bca0611f1a57202aeb039e6cd4,CILS,dan
ad6acac903e1b8b517a7f3be3080b665,CIPLE,dan
d187e257009dd94dbcb96c6da6f1812d,DIPLE,dan
e4218269679e8d10256d8574118f308e,HSK,dan
65ccf0f205fb154d14c470767026d75e,National,dan
ba8b1c824f53c0be5d48caecf3b5e130,samtale,dan
0fc5f7359321646f36a359f92d7a3c0f,TORFL,spa
084d0cac7bab02e6fc8d13d430f3dd21,Aprender,spa
04ef63e2cf8335e3d4c84aebba5eccf8,Practicar,spa
50a44048b81dc7b6ff1940fa07995dae,kurssi,fin
0c6df450000220384b529f6c98a4df68,chatti,fin
38bee1e83e6dd42759f1caffcc06871d,Koe,fin
ebf0f7b8718833f9cfafd318b8c63fdf,koulu,fin
f6b49b7da62a112311f1af06a5742e9f,FCE,fin
7706998cba9c59295e0416087833034c,ICAS,fin
1f8857d3b32243ed908283ef1570c001,IELTS,fin
8527c24d06d660c39c108577cd891cd9,PTE,fin
e65da42c0d05488f54e2ccdee9a2d767,TOEIC,fin
684e1388a91900480c702ac5b8f6b4d8,SAT,fin
94e7f203ba80123f1182484c1c7351a7,TCF,fin
2b266e62509986a999b9bb14b225c7b7,TestDaF,fin
4f5a8531996a690828de388828410330,CELPE,fin
ad6acac903e1b8b517a7f3be3080b665,CIPLE,fin
0fc5f7359321646f36a359f92d7a3c0f,TORFL,fin
ae1bac52777393fb7f0e504372b4ccb6,oppia,fin
abf77f60bc34df6668e874061423f361,keskustelu,fin
7706998cba9c59295e0416087833034c,ICAS,dan
5906c748ae2170f0259fa3f4abeb149b,TFI,dan
2b266e62509986a999b9bb14b225c7b7,TestDaF,dan
4f5a8531996a690828de388828410330,CELPE,dan
f36d9d9d23b9ac62a0b3f82309536760,SIELE,dan
7b13170f5729db8ea2a69f1220a8185a,opettaja,fin
ef0f015f770be345816043b63e8d38d6,kumppani,fin
6912d6cc519051cda0b942a9a8e10492,oppitunti,fin
879d746f25092109a5966ac96d63b523,luokka,fin
3c3cec74241178c326af9ecc748f8a5e,GMAT,fin
90652aab8896c856edca211d4c66c90d,TEF,fin
c0a0d10fc018c11948d2472b6038a9c0,CELI,fin
4f5d3489a65f3d91403dd5d9e5329bee,BJT,fin
e6fa5be517968617c85b491c90d72cde,JLPT,fin
d187e257009dd94dbcb96c6da6f1812d,DIPLE,fin
179ebb602a409ce8fed8dd946514ba09,koulutus,fin
dc2c0db936fde804ce2c00ad3852d5be,lærer,dan
215046a080cd4a69f7d4b700202608c2,puhua,fin
53f1fce859c22ffdeff1adfcc31f670f,nauczyciel,pol
fb08d478b052b3e88c5fa5a639d83071,użytkownik języka,pol
5ba66f4b561c9b9c0a7f937dceb676f3,lektor,pol
8c57e2185f23c50c02581ea5955ff265,lekcja,pol
33e0b9bedaf419a8279d60192abede27,zajęcia,pol
7267e6f8562abaebdb47024e08f0a199,czat,pol
71f1743a7e335df5df56aa1eac336cc6,CNAVT,pol
513bcfa2b82dc1735a07b97b7f870106,BEC,pol
b4d45708de4ddb301ffd4666a5949344,CAE,pol
78fb020c2f9441e3601c63c8f9a3a0a3,ESOL,pol
3c3cec74241178c326af9ecc748f8a5e,GMAT,pol
7706998cba9c59295e0416087833034c,ICAS,pol
b73014f259c910e9bb163ac74d4ea3d2,DALF,pol
98e2fdd174d9b634e49d4361be026730,DELF,pol
94e7f203ba80123f1182484c1c7351a7,TCF,pol
a7289131cf6f284839a3419197c04b6c,OSD,pol
2b266e62509986a999b9bb14b225c7b7,TestDaF,pol
c0a0d10fc018c11948d2472b6038a9c0,CELI,pol
199263bca0611f1a57202aeb039e6cd4,CILS,pol
4f5d3489a65f3d91403dd5d9e5329bee,BJT,pol
8cf533e9669ca94413b681c20411f868,TOPIK,pol
d187e257009dd94dbcb96c6da6f1812d,DIPLE,pol
e4218269679e8d10256d8574118f308e,HSK,pol
0fc5f7359321646f36a359f92d7a3c0f,TORFL,pol
c411a259abd8dd27f7d4ff0cac370960,ćwiczyć,pol
0ea790b0093e54f37876f7aefc096d3f,rozmowa,pol
c815f09da90fdcb986a0e7bf4e732fb4,Preply,pol
8045a0a6c688b0635e3caccc408a1446,Generic,pol
9fab94ade4d9217527e394fd62918e82,samokształcenie,pol
c4edee29646b56254fd67bdc6fea8766,szkolenie,pol
638ac3a15df8e1a683d8777f99710280,καθηγητής,gre
8c60c445ed96503a961a22ed8ee22ad7,ομιλητής,gre
3975f022180683a688a86dc63420f0ff,μάθημα,gre
07060784bbc2b349e2effb4a32914824,τάξη,gre
8de5306e0a301aa2e0bd1d1c9ed04878,τμήμα,gre
8673a7f8f6ca45b6b53235086e981611,σχολείο,gre
5a753229efb8128b16b50c38708c6638,CAEL,gre
f6b49b7da62a112311f1af06a5742e9f,FCE,gre
1f8857d3b32243ed908283ef1570c001,IELTS,gre
34c3c72c9244d4a381975e146a319c44,OET,gre
8527c24d06d660c39c108577cd891cd9,PTE,gre
ce382dc732a94f0fea953833111a42cf,TOEFL,gre
e65da42c0d05488f54e2ccdee9a2d767,TOEIC,gre
684e1388a91900480c702ac5b8f6b4d8,SAT,gre
90652aab8896c856edca211d4c66c90d,TEF,gre
fc5468372d5a5ebd99728eeedc5ba3a4,DSH,gre
199263bca0611f1a57202aeb039e6cd4,CILS,gre
4f5d3489a65f3d91403dd5d9e5329bee,BJT,gre
e6fa5be517968617c85b491c90d72cde,JLPT,gre
8cf533e9669ca94413b681c20411f868,TOPIK,gre
4f5a8531996a690828de388828410330,CELPE,gre
98e0fcc4a245d583dc4b497f05b332be,DEPLE,gre
d187e257009dd94dbcb96c6da6f1812d,DIPLE,gre
e4218269679e8d10256d8574118f308e,HSK,gre
f5fb0d4ea357163633d268f629a62a95,TOCFL,gre
dc67559a125f98745612825dee4f7370,Εθνικές,gre
0fc5f7359321646f36a359f92d7a3c0f,TORFL,gre
178522587663ca1b2c3e10d8d1351a4c,DELE,gre
c710b066861bc2cb00195e5eacea8eb0,μαθαίνω,gre
a683ea415e2149a97d0db0db9d76fec9,εξασκώ,gre
110dbbf0b2742f0364167be2df2ee0c4,μελετώ,gre
7df6daf6bb367567be2ae491ce2dc254,συζήτηση,gre
c052b219d68101278375049047034fe9,Απλά,gre
c815f09da90fdcb986a0e7bf4e732fb4,Preply,gre
74bb897855369e20c9c0c840d47556f1,Άμεσα,gre
f262dfd523ee6f4261540eb71c657e43,Αυτομελέτη,gre
b03258bd4480a093f2fba89573fdf974,εκπαίδευση,gre
18c5718531ce746c9c5baa11b270c5ed,老師,cht
b42e2f62c61bb59ad95364c7cfa06bd3,家教,cht
1289383a696f59012d1d6752394f9215,夥伴,cht
7d3bfba852e099b2225704b52fad5978,班訯,cht
f2e04981ccf285d3bffb3c8795a484f8,考試,cht
340cd1dcf5d3871fa2584362194cc4fe,NT2,cht
3c3cec74241178c326af9ecc748f8a5e,GMAT,cht
7706998cba9c59295e0416087833034c,ICAS,cht
34c3c72c9244d4a381975e146a319c44,OET,cht
ce382dc732a94f0fea953833111a42cf,TOEFL,cht
e65da42c0d05488f54e2ccdee9a2d767,TOEIC,cht
684e1388a91900480c702ac5b8f6b4d8,SAT,cht
5906c748ae2170f0259fa3f4abeb149b,TFI,cht
a7289131cf6f284839a3419197c04b6c,OSD,cht
2b266e62509986a999b9bb14b225c7b7,TestDaF,cht
c0a0d10fc018c11948d2472b6038a9c0,CELI,cht
199263bca0611f1a57202aeb039e6cd4,CILS,cht
654de024829ac2d0d4be16e225160d9f,EJU,cht
4f5a8531996a690828de388828410330,CELPE,cht
98e0fcc4a245d583dc4b497f05b332be,DEPLE,cht
6aa930e48f2d3163713d4b3248e2867e,國家,cht
2d46537e724fa604c205eea6cfc26083,研究,cht
4768807ceb307c62cf7892fb7e7fc796,對話,cht
a868547e154d48ed457f8d6eae826b3e,說話,cht
77e69c137812518e359196bb2f5e9bb9,guru,ind
1f6f42334e1709a4e0f9922ad789912b,tutor,ind
6bfb3c631963dc0fb69231faf2918b37,partner OR mitra,ind
b4129b5c652aed47623fc5af8a9a3c9c,kursus,ind
b68e5dbfd8cac3e4d810c09f2f36f601,obrolan OR mengobrol,ind
71f1743a7e335df5df56aa1eac336cc6,CNAVT,ind
340cd1dcf5d3871fa2584362194cc4fe,NT2,ind
513bcfa2b82dc1735a07b97b7f870106,BEC,ind
5a753229efb8128b16b50c38708c6638,CAEL,ind
78fb020c2f9441e3601c63c8f9a3a0a3,ESOL,ind
3c3cec74241178c326af9ecc748f8a5e,GMAT,ind
7706998cba9c59295e0416087833034c,ICAS,ind
34c3c72c9244d4a381975e146a319c44,OET,ind
ce382dc732a94f0fea953833111a42cf,TOEFL,ind
e65da42c0d05488f54e2ccdee9a2d767,TOEIC,ind
b73014f259c910e9bb163ac74d4ea3d2,DALF,ind
94e7f203ba80123f1182484c1c7351a7,TCF,ind
90652aab8896c856edca211d4c66c90d,TEF,ind
fc5468372d5a5ebd99728eeedc5ba3a4,DSH,ind
2b266e62509986a999b9bb14b225c7b7,TestDaF,ind
8cf533e9669ca94413b681c20411f868,TOPIK,ind
e4218269679e8d10256d8574118f308e,HSK,ind
f5fb0d4ea357163633d268f629a62a95,TOCFL,ind
0fc5f7359321646f36a359f92d7a3c0f,TORFL,ind
08c16105c219345a307c1069cbfe5aea,meningkatkan,ind
8bab9e0cbb7bc6d9a4de1184d49ecbd6,belajar mandiri,ind
9383b6a71f6ad7974f0bd7ea6583c72e,pelatihan,ind
4c9e083cf25dcd318ec8b812ac61a4fd,מורה פרטי,heb
866e7ffd838336da670bc123f0c6f342,דובר,heb
0585c5cb34ee6107a08c43a65a4a78f7,שותף,heb
71bdf6a8142fa04a7ed1f993bd1ca8ba,שיעור,heb
a0cdab74899a81f1064236717c5331f9,בית ספר,heb
71f1743a7e335df5df56aa1eac336cc6,CNAVT,heb
b4d45708de4ddb301ffd4666a5949344,CAE,heb
3c3cec74241178c326af9ecc748f8a5e,GMAT,heb
7706998cba9c59295e0416087833034c,ICAS,heb
1f8857d3b32243ed908283ef1570c001,IELTS,heb
34c3c72c9244d4a381975e146a319c44,OET,heb
b73014f259c910e9bb163ac74d4ea3d2,DALF,heb
98e2fdd174d9b634e49d4361be026730,DELF,heb
90652aab8896c856edca211d4c66c90d,TEF,heb
199263bca0611f1a57202aeb039e6cd4,CILS,heb
4f5a8531996a690828de388828410330,CELPE,heb
f5fb0d4ea357163633d268f629a62a95,TOCFL,heb
9cd4376de321b7de2f15c4e00939d397,לאומי,heb
0fc5f7359321646f36a359f92d7a3c0f,TORFL,heb
a5398a75255211c1d6d55c08d3f16636,לדבר,heb
dbf81d5d4f176c61cd207c922a7f9c48,לשפר,heb
e88be776d2e97038af34803d8cac8390,לשוחח,heb
a2b6fc85473c42fd2f023df52126f3ce,עזרה,heb
3599236b6a4c04d4ef58fdc6f49e109b,ネイティブ,jpn
10082976b56400b549d361d5586e1912,レッスン,jpn
107b5397e3000d3997aebaac42377a35,コース,jpn
340cd1dcf5d3871fa2584362194cc4fe,NT2,jpn
90d991b47098ceef3d8283a386cf7e91,ACT,jpn
513bcfa2b82dc1735a07b97b7f870106,BEC,jpn
78fb020c2f9441e3601c63c8f9a3a0a3,ESOL,jpn
3c3cec74241178c326af9ecc748f8a5e,GMAT,jpn
7706998cba9c59295e0416087833034c,ICAS,jpn
34c3c72c9244d4a381975e146a319c44,OET,jpn
b73014f259c910e9bb163ac74d4ea3d2,DALF,jpn
684e1388a91900480c702ac5b8f6b4d8,SAT,jpn
90652aab8896c856edca211d4c66c90d,TEF,jpn
4f5d3489a65f3d91403dd5d9e5329bee,BJT,jpn
e6fa5be517968617c85b491c90d72cde,JLPT,jpn
8cf533e9669ca94413b681c20411f868,TOPIK,jpn
4f5a8531996a690828de388828410330,CELPE,jpn
e4218269679e8d10256d8574118f308e,HSK,jpn
f5fb0d4ea357163633d268f629a62a95,TOCFL,jpn
f36d9d9d23b9ac62a0b3f82309536760,SIELE,jpn
43f48fd7cf194d6fa7a1e3e218938fe7,会話,jpn
76e5d9c82929d167404c63b44e6fb9ea,勉強,jpn
4cd8413207629a963225f4314b53adcd,Plain,jpn
8045a0a6c688b0635e3caccc408a1446,Generic,jpn
85227dc154fa28743bf1038e27c5f899,自習,jpn
3478fb9ff99fc50ffa0332bec76b219c,튜터,kor
1d5c713dd51ff479394b5f49f754cb9b,화자,kor
7749439ac59d29eac366472b54da3c39,수업,kor
ddf7a081acc12c9bc06745f114ff47c8,강좌,kor
3a007149bfc911bac49fbaeba9ee2ec4,챗,kor
78fb020c2f9441e3601c63c8f9a3a0a3,ESOL,kor
f6b49b7da62a112311f1af06a5742e9f,FCE,kor
7706998cba9c59295e0416087833034c,ICAS,kor
1f8857d3b32243ed908283ef1570c001,IELTS,kor
34c3c72c9244d4a381975e146a319c44,OET,ita
90d991b47098ceef3d8283a386cf7e91,ACT,spa
5a753229efb8128b16b50c38708c6638,CAEL,fin
5a4ef3d3227ab2731f509bbbb32d2dce,korepetytor,pol
1f53cd4a51064068c05cfc6c2d494312,kurs,pol
81f5ba25804fa189028caaea12e93746,εξετάσεις,gre
b73014f259c910e9bb163ac74d4ea3d2,DALF,gre
5a598a2dab145829f7977ef67ff7296c,IETLS,cht
90652aab8896c856edca211d4c66c90d,TEF,cht
4f5d3489a65f3d91403dd5d9e5329bee,BJT,cht
8cf533e9669ca94413b681c20411f868,TOPIK,cht
bde3be49c4dcbb848a152329fc3930ae,kelas,ind
4f5a8531996a690828de388828410330,CELPE,ind
0d3a773def8b219321acd55d342e9e0d,percakapan,ind
513bcfa2b82dc1735a07b97b7f870106,BEC,heb
78fb020c2f9441e3601c63c8f9a3a0a3,ESOL,heb
a7289131cf6f284839a3419197c04b6c,OSD,heb
413b738061f6a5148fa3704c5c5bdca9,学校,jpn
fc5468372d5a5ebd99728eeedc5ba3a4,DSH,jpn
2b266e62509986a999b9bb14b225c7b7,TestDaF,jpn
c0a0d10fc018c11948d2472b6038a9c0,CELI,jpn
5115707c7bbbc20d84d1d9e4ee1f2cf2,강사,kor
71f1743a7e335df5df56aa1eac336cc6,CNAVT,kor
340cd1dcf5d3871fa2584362194cc4fe,NT2,kor
3c3cec74241178c326af9ecc748f8a5e,GMAT,kor
34c3c72c9244d4a381975e146a319c44,OET,kor
e65da42c0d05488f54e2ccdee9a2d767,TOEIC,kor
b73014f259c910e9bb163ac74d4ea3d2,DALF,kor
98e2fdd174d9b634e49d4361be026730,DELF,kor
5906c748ae2170f0259fa3f4abeb149b,TFI,kor
fc5468372d5a5ebd99728eeedc5ba3a4,DSH,kor
a7289131cf6f284839a3419197c04b6c,OSD,kor
c0a0d10fc018c11948d2472b6038a9c0,CELI,kor
199263bca0611f1a57202aeb039e6cd4,CILS,kor
654de024829ac2d0d4be16e225160d9f,EJU,kor
8cf533e9669ca94413b681c20411f868,TOPIK,kor
ad6acac903e1b8b517a7f3be3080b665,CIPLE,kor
98e0fcc4a245d583dc4b497f05b332be,DEPLE,kor
d187e257009dd94dbcb96c6da6f1812d,DIPLE,kor
e4218269679e8d10256d8574118f308e,HSK,kor
2a648ffcf2007a26cebc7a274aab3b43,국립,kor
178522587663ca1b2c3e10d8d1351a4c,DELE,kor
f36d9d9d23b9ac62a0b3f82309536760,SIELE,kor
049c4f5a71a64c7527ac018082f7ea7f,연습하기,kor
2bed60e0473c050f44f6f535756446bf,회화,kor
866665f55113b6e67a3a4dcf7e9676a3,자율학습,kor
01fcf0a2f7ac3c7532aca3d13adfe4b4,트레이닝,kor
d7ff254cf416777d85e933153adde93b,studiebegeleider,dut
c34c022ed97af6502fd9c1b2f32ce9cd,spreker,dut
3f816a388569d5a30f20546196aaabd6,les,dut
2d9c5a46831b99e3de733cb951259431,klas,dut
32bd3b82800c20c82f979e3cf1b26917,examen,dut
7516c3b35580b3490248629cff5e498c,school,dut
4b4e7ec11c310272c305d69f3ac3e7a8,Cnavt,dut
66f456431a09f3e9562b4fc74f5533e4,Nt2,dut
5dd2dd599e839cc6f7207bd865e857e8,Bec,dut
df49dec043289ced0cb702bffb0500d1,Cae,dut
56f690dcf210b6a0c02915cab86835f1,Gmat,dut
e99ffe6e2323407e2605ed3a8b98d271,Pte,dut
f3b1e4ccfdb341b0d9742a64d9f82ba2,Toeic,dut
7f4f2d1bd2a5501cd2ec38678e68fecd,Dalf,dut
13c7d2d737f81f7bf89aed9fbcd0ad55,Sat,dut
d07ce1a726f40a1fccb3757ae5404e7f,Celi,dut
c6c0a424c1aafa5f993fa3f19908ae9c,Bjt,dut
347dac306f2e3c8caa7b65f521436b49,Jlpt,dut
30c7eaf2c005b864694176f904536e98,Topik,dut
f558a3df8e6fd7305c90ded1b1ead135,Celpe,dut
f5179c1df702751128b1dbaeb3cead9f,Ciple,dut
cf3e417f51ccb2646807c6592424950d,Hsk,dut
a66ae8936ab75644ea6b0ecd46b65563,Tocfl,dut
2bbd86f109922e7153448a89ffef3d3b,beter worden,dut
ee0e2acd2d4a093adbfb7fdb3744d0e9,praten,dut
bf90268a53d2a272893136fc6d0158f5,opleiding,dut
a2a2c0334dd3348e4fea3e4bca6067b0,leksjon,nor
aa8af3ebe14831a7cd1b6d1383a03755,chat,nor
95292f35aaedf1f409b57e99645b5961,eksamen,nor
5bd1be2c1c287abe0731a43dda5eae9a,skole,nor
513bcfa2b82dc1735a07b97b7f870106,BEC,nor
b4d45708de4ddb301ffd4666a5949344,CAE,nor
3c3cec74241178c326af9ecc748f8a5e,GMAT,nor
7706998cba9c59295e0416087833034c,ICAS,nor
34c3c72c9244d4a381975e146a319c44,OET,nor
ce382dc732a94f0fea953833111a42cf,TOEFL,nor
98e2fdd174d9b634e49d4361be026730,DELF,nor
94e7f203ba80123f1182484c1c7351a7,TCF,nor
fc5468372d5a5ebd99728eeedc5ba3a4,DSH,nor
a7289131cf6f284839a3419197c04b6c,OSD,nor
4f5d3489a65f3d91403dd5d9e5329bee,BJT,nor
ad6acac903e1b8b517a7f3be3080b665,CIPLE,nor
98e0fcc4a245d583dc4b497f05b332be,DEPLE,nor
16946d2b1c6506785d48c90785b26393,nasjonal,nor
0fc5f7359321646f36a359f92d7a3c0f,TORFL,nor
a66aedfddf4ef5d47ee05f222c2ea2f8,studere,nor
284b1a2d7a3a3e852fa7a62761c81a71,selvstudium,nor
baf8e1da9f8ca0a75d7fbc31f3f99716,konwersacja,pol
e65010cf416f10f51099671ca1f9ef4c,Репетитор,rus
04db1ee526f7e64cfef02a3b353c3b45,Партнер,rus
9ccea472d416f1deea0257cbd0b9a13f,Урок,rus
9f040b9cd6219e2bacc46d9a75650f95,Занятие,rus
c52b4c5cbc879d56c633f568acfbf205,Чат,rus
66f456431a09f3e9562b4fc74f5533e4,Nt2,rus
5dd2dd599e839cc6f7207bd865e857e8,Bec,rus
df49dec043289ced0cb702bffb0500d1,Cae,rus
bc1c4c137e1cbbf75bc98ba4b45d440c,Cael,rus
81bbdad0b7d94e2767581b7636c84d2b,Esol,rus
8d37c7829bdc15d7f91fd5c0f6047364,Oet,rus
7f4f2d1bd2a5501cd2ec38678e68fecd,Dalf,rus
42563a4e131b3a30297fd159e66cbe85,Delf,rus
5e7fb14724c459a787d6078028469eb5,Osd,rus
34958ad86ae6b445e1f11296e45c33e1,Cils,rus
7bdb7b5d35a122da4e53ddd07d002138,Eju,rus
f5179c1df702751128b1dbaeb3cead9f,Ciple,rus
5895ca2cab205b9223df25b5a601b67a,Deple,rus
4d47cfc84547a6ef6b03b46737009c58,Практиковать,rus
c815f09da90fdcb986a0e7bf4e732fb4,Preply,rus
2188f6885d1a02a9c48554c4abf8406b,Практика,rus
ac2a27ec4f363e236b0d4d9f63c7b6b1,партнер,ukr
9f2d9983be9b5e15a8a0e46a5a01bdb8,заняття,ukr
4b4e7ec11c310272c305d69f3ac3e7a8,Cnavt,ukr
66f456431a09f3e9562b4fc74f5533e4,Nt2,ukr
4711d7a59429b7f23fa17419be23bf94,Act,ukr
9407ee4ad80a428ad5a7efded6ddbde9,Icas,ukr
e99ffe6e2323407e2605ed3a8b98d271,Pte,ukr
83ee4f10b8b06c452f72470a5a45ab58,Toefl,ukr
f3b1e4ccfdb341b0d9742a64d9f82ba2,Toeic,ukr
42563a4e131b3a30297fd159e66cbe85,Delf,ukr
13c7d2d737f81f7bf89aed9fbcd0ad55,Sat,ukr
81f2c062045f588d3a8062851183b42d,Dsh,ukr
5e7fb14724c459a787d6078028469eb5,Osd,ukr
d07ce1a726f40a1fccb3757ae5404e7f,Celi,ukr
34958ad86ae6b445e1f11296e45c33e1,Cils,ukr
30c7eaf2c005b864694176f904536e98,Topik,ukr
f5179c1df702751128b1dbaeb3cead9f,Ciple,ukr
5895ca2cab205b9223df25b5a601b67a,Deple,ukr
67caf169012a0f0d80c18b335ccc532e,Diple,ukr
65ccf0f205fb154d14c470767026d75e,National,ukr
5abbe2ca926ed714d52e56182fe3c1c2,Dele,ukr
50430daaf9986c9ad41489e2f34384ae,Siele,ukr
aac60687033b3d1deb841cb52d3c7168,покращувати,ukr
8e39efb82493f6e2b79a9cf8db63d293,розмова,ukr
79d2f7a5bb0b2af886062d673ff4335d,розмовляти,ukr
8045a0a6c688b0635e3caccc408a1446,Generic,ukr
78fb020c2f9441e3601c63c8f9a3a0a3,ESOL,gre
957d8785d9820a4bb2c503e0447cbe32,μιλάω,gre
5a753229efb8128b16b50c38708c6638,CAEL,cht
b73014f259c910e9bb163ac74d4ea3d2,DALF,cht
7521d43c4bf036d84cfa0a499877d142,說,cht
b4d45708de4ddb301ffd4666a5949344,CAE,ind
f6b49b7da62a112311f1af06a5742e9f,FCE,ind
90d991b47098ceef3d8283a386cf7e91,ACT,heb
e65da42c0d05488f54e2ccdee9a2d767,TOEIC,heb
654de024829ac2d0d4be16e225160d9f,EJU,heb
98e0fcc4a245d583dc4b497f05b332be,DEPLE,heb
41d57c963df80abd2a87fa9749de0705,שיחה,heb
31828a336bee8ed35146c0f3f38495b1,לימוד עצמי,heb
479e8dd2cba424386ae41cdf387ee591,הכשרה,heb
16280a3f350df00d7cb6a732af3374c9,パートナー,jpn
afc5542f9c06d89836b1e5fbb97ba3c1,チャット,jpn
86fa61e73495cc9e26e75d0908f084b1,試験,jpn
b4d45708de4ddb301ffd4666a5949344,CAE,jpn
f6b49b7da62a112311f1af06a5742e9f,FCE,jpn
ce382dc732a94f0fea953833111a42cf,TOEFL,jpn
5906c748ae2170f0259fa3f4abeb149b,TFI,jpn
654de024829ac2d0d4be16e225160d9f,EJU,jpn
0fc5f7359321646f36a359f92d7a3c0f,TORFL,jpn
f06f9fdb82104c915571d3bb9c28bb73,파트너,kor
90d991b47098ceef3d8283a386cf7e91,ACT,kor
b4d45708de4ddb301ffd4666a5949344,CAE,kor
2b266e62509986a999b9bb14b225c7b7,TestDaF,kor
4f5d3489a65f3d91403dd5d9e5329bee,BJT,kor
4f5a8531996a690828de388828410330,CELPE,kor
f5fb0d4ea357163633d268f629a62a95,TOCFL,kor
0fc5f7359321646f36a359f92d7a3c0f,TORFL,kor
a3d4976e2a581d7719beb4d30648f589,학습하기,kor
7454739e907f5595ae61d84b8547f574,partner,dut
3db12bdfc940a4e2031368b8b41fd33b,gesprek,dut
9407ee4ad80a428ad5a7efded6ddbde9,Icas,dut
83ee4f10b8b06c452f72470a5a45ab58,Toefl,dut
42563a4e131b3a30297fd159e66cbe85,Delf,dut
5895ca2cab205b9223df25b5a601b67a,Deple,dut
67caf169012a0f0d80c18b335ccc532e,Diple,dut
b1c375f63ca3548c35e48019396a6e42,oefenen,dut
6399dc01bbabdb27374237f4f473f49f,zelfstudie,dut
5a753229efb8128b16b50c38708c6638,CAEL,nor
f6b49b7da62a112311f1af06a5742e9f,FCE,nor
e65da42c0d05488f54e2ccdee9a2d767,TOEIC,nor
b73014f259c910e9bb163ac74d4ea3d2,DALF,nor
5906c748ae2170f0259fa3f4abeb149b,TFI,nor
654de024829ac2d0d4be16e225160d9f,EJU,nor
d187e257009dd94dbcb96c6da6f1812d,DIPLE,nor
e4218269679e8d10256d8574118f308e,HSK,nor
f5fb0d4ea357163633d268f629a62a95,TOCFL,nor
a4f85cac2868bffc0f6a0bb08f8a8adb,øve,nor
78175cd46466973a182cca415ee4a85a,forbedre,nor
a68c044857c412e913807fb953c99bc1,Родной,rus
dc3e3ec78d33e61738c712e7d6b3dbef,Экзамен,rus
234f618e5504f558037749ea105e7f60,Ielts,rus
f3b1e4ccfdb341b0d9742a64d9f82ba2,Toeic,rus
13c7d2d737f81f7bf89aed9fbcd0ad55,Sat,rus
99e29bbe154a3ba8416a64cb09b526b4,Tef,rus
12f989f6c3d61136911e82aa2c855c72,Tfi,rus
67caf169012a0f0d80c18b335ccc532e,Diple,rus
b973d00dbd92101fa33c5a6e647b9428,Torfl,rus
967021fe4e02a07fbdfd57103048fd48,Изучать,rus
341cd1f30fc691974ba5c4f40e0fcf1e,Улучшать,rus
84a0abe4491f632437ce2cd25dcf96fd,Самообучение,rus
5c0dbbc4048d6c9b9de09320aa2a809c,мовець,ukr
104ac382945e018cb0ddaccd0cfa3620,урок,ukr
e2abc0ac0803b0d8733b15069ae526b7,Fce,ukr
234f618e5504f558037749ea105e7f60,Ielts,ukr
c6c0a424c1aafa5f993fa3f19908ae9c,Bjt,ukr
7bdb7b5d35a122da4e53ddd07d002138,Eju,ukr
a66ae8936ab75644ea6b0ecd46b65563,Tocfl,ukr
f42672dc30f731bd08bf1c699d7087ec,вчити,ukr
4cd8413207629a963225f4314b53adcd,Plain,ukr
e2abc0ac0803b0d8733b15069ae526b7,Fce,dut
4b4e7ec11c310272c305d69f3ac3e7a8,Cnavt,rus
56f690dcf210b6a0c02915cab86835f1,Gmat,rus
9407ee4ad80a428ad5a7efded6ddbde9,Icas,rus
347dac306f2e3c8caa7b65f521436b49,Jlpt,rus
f40c9c12dadbe9fd25bb22ffb9be9e82,Говорить,rus
b10e42d6d7c89264fe4b5f8b9f396604,практикувати,ukr
fd1dd0c603be8170f9eae0be9f2f6afb,Direct,ukr
6d854bfc8db758f606bf2b0bb9e6a7c9,undervisning,swe
aa8af3ebe14831a7cd1b6d1383a03755,chat,swe
ee86917fd8c98463ce78493811bf6b95,skola,swe
340cd1dcf5d3871fa2584362194cc4fe,NT2,swe
513bcfa2b82dc1735a07b97b7f870106,BEC,swe
5a753229efb8128b16b50c38708c6638,CAEL,swe
f6b49b7da62a112311f1af06a5742e9f,FCE,swe
3c3cec74241178c326af9ecc748f8a5e,GMAT,swe
34c3c72c9244d4a381975e146a319c44,OET,swe
ce382dc732a94f0fea953833111a42cf,TOEFL,swe
e65da42c0d05488f54e2ccdee9a2d767,TOEIC,swe
684e1388a91900480c702ac5b8f6b4d8,SAT,swe
a7289131cf6f284839a3419197c04b6c,OSD,swe
c0a0d10fc018c11948d2472b6038a9c0,CELI,swe
8cf533e9669ca94413b681c20411f868,TOPIK,swe
98e0fcc4a245d583dc4b497f05b332be,DEPLE,swe
d187e257009dd94dbcb96c6da6f1812d,DIPLE,swe
e4218269679e8d10256d8574118f308e,HSK,swe
0fc5f7359321646f36a359f92d7a3c0f,TORFL,swe
6e65a74177f2328e66e11cf5426e3adc,lära sig,swe
e5df9cc32c68723dc03674d6c191bc9e,tala,swe
4dada6e34195e69d2ad69441691346c6,samtal,swe
ec3b7814f24758218ce42a0b8cfc59b7,prata,swe
3d517f8924ac7fd03699a29d97dc52d9,generic,swe
7caa701b2bd5a182b80c72b9bdf88e2d,direct,swe
87a4f85090965bc921230052a974a85a,självstudier,swe
48f64c9594a3d678c5a4d7ccc35761b8,träning,swe
2b19427fa9628389f3d53b577f02531e,说话者,chi
c3cf47601938f2ece43d1fbc7bbafd06,搭档,chi
58983b0dbd37e844a2fbd6094f31a2e0,课程,chi
c0abbfb414cfe15f8644a61570345de2,聊天,chi
5a753229efb8128b16b50c38708c6638,CAEL,chi
f6b49b7da62a112311f1af06a5742e9f,FCE,chi
3c3cec74241178c326af9ecc748f8a5e,GMAT,chi
8527c24d06d660c39c108577cd891cd9,PTE,chi
98e2fdd174d9b634e49d4361be026730,DELF,chi
90652aab8896c856edca211d4c66c90d,TEF,chi
5906c748ae2170f0259fa3f4abeb149b,TFI,chi
fc5468372d5a5ebd99728eeedc5ba3a4,DSH,chi
a7289131cf6f284839a3419197c04b6c,OSD,chi
199263bca0611f1a57202aeb039e6cd4,CILS,chi
4f5d3489a65f3d91403dd5d9e5329bee,BJT,chi
8cf533e9669ca94413b681c20411f868,TOPIK,chi
4f5a8531996a690828de388828410330,CELPE,chi
98e0fcc4a245d583dc4b497f05b332be,DEPLE,chi
f5fb0d4ea357163633d268f629a62a95,TOCFL,chi
f36d9d9d23b9ac62a0b3f82309536760,SIELE,chi
ddc9d3d10db69cba331ae2403776ee36,说,chi
1ce039c953927e7bbce749f30555b963,练习,chi
3e2fd5a70bc7b3fc64b1992e0b427312,提高,chi
85936242fc9e80fa35d92143af6b6d67,对话,chi
2ba9cbec7d6c74a2751ccedaf96b8906,ติวเตอร์,tha
0c6bfe690c556b8523f05539cb670d32,วิทยากร,tha
f1c2e024653eaea4b55e9481d159bec4,ท้องถิ่น,tha
61b3e6cd538e63f3ea90a50e962619f0,พาร์ทเนอร์,tha
9c252e97ada609747f8a7f13c58cb959,บทเรียน,tha
b1093bc8a0eef6a42d00ed578b5cb050,หลักสูตร,tha
b2fbb2a8af7e7b0aa20b2f70ad4f2e23,พูดคุย,tha
71f1743a7e335df5df56aa1eac336cc6,CNAVT,tha
340cd1dcf5d3871fa2584362194cc4fe,NT2,tha
5a753229efb8128b16b50c38708c6638,CAEL,tha
3c3cec74241178c326af9ecc748f8a5e,GMAT,tha
7706998cba9c59295e0416087833034c,ICAS,tha
1f8857d3b32243ed908283ef1570c001,IELTS,tha
34c3c72c9244d4a381975e146a319c44,OET,tha
b73014f259c910e9bb163ac74d4ea3d2,DALF,tha
98e2fdd174d9b634e49d4361be026730,DELF,tha
5906c748ae2170f0259fa3f4abeb149b,TFI,tha
fc5468372d5a5ebd99728eeedc5ba3a4,DSH,tha
c0a0d10fc018c11948d2472b6038a9c0,CELI,tha
654de024829ac2d0d4be16e225160d9f,EJU,tha
8cf533e9669ca94413b681c20411f868,TOPIK,tha
4f5a8531996a690828de388828410330,CELPE,tha
98e0fcc4a245d583dc4b497f05b332be,DEPLE,tha
e4218269679e8d10256d8574118f308e,HSK,tha
8460d365eb89589d59114e62d8448c49,นานาชาติ,tha
0fc5f7359321646f36a359f92d7a3c0f,TORFL,tha
68d57e2badff50206182f8838bfc005f,เรียนรู้,tha
7d15178480dd8d97a2df4e8ddea8cc50,ศึกษา,tha
02e41447dafb24f04bd9e329ef6c8ea0,การสนทนา,tha
29cd53a422c2a607808aeafc9431d23a,การศึกษาด้วยตนเอง,tha
580481b818690f588b309abb6bff4ea5,ders,tur
8274ea4a581b0f60ab0b4488d52dd0b3,sınıf,tur
bc9da54c161f5cc80dd2be655ca5ce78,Sınav,tur
451fc6872c103399aef5c3c49eb6fc94,okul,tur
56f8ce240e4adeb5cf14e186e1a1ceeb,CNaVT,tur
340cd1dcf5d3871fa2584362194cc4fe,NT2,tur
513bcfa2b82dc1735a07b97b7f870106,BEC,tur
78fb020c2f9441e3601c63c8f9a3a0a3,ESOL,tur
3c3cec74241178c326af9ecc748f8a5e,GMAT,tur
7706998cba9c59295e0416087833034c,ICAS,tur
1f8857d3b32243ed908283ef1570c001,IELTS,tur
34c3c72c9244d4a381975e146a319c44,OET,tur
8527c24d06d660c39c108577cd891cd9,PTE,tur
ce382dc732a94f0fea953833111a42cf,TOEFL,tur
e65da42c0d05488f54e2ccdee9a2d767,TOEIC,tur
b73014f259c910e9bb163ac74d4ea3d2,DALF,tur
98e2fdd174d9b634e49d4361be026730,DELF,tur
684e1388a91900480c702ac5b8f6b4d8,SAT,tur
94e7f203ba80123f1182484c1c7351a7,TCF,tur
90652aab8896c856edca211d4c66c90d,TEF,tur
a838e9eea17ccf2f1ce7d0f92e0be7ac,studeren,dut
f36d9d9d23b9ac62a0b3f82309536760,SIELE,nor
e8f9832e109209e03d5ef24db8957e92,Учить,rus
f5ce664ebd115abd5a5d71126c5eb6c0,Разговаривать,rus
8d37c7829bdc15d7f91fd5c0f6047364,Oet,ukr
5a753229efb8128b16b50c38708c6638,CAEL,kor
50430daaf9986c9ad41489e2f34384ae,Siele,rus
bc1c4c137e1cbbf75bc98ba4b45d440c,Cael,ukr
d187e257009dd94dbcb96c6da6f1812d,DIPLE,jpn
b973d00dbd92101fa33c5a6e647b9428,Torfl,dut
1f53cd4a51064068c05cfc6c2d494312,kurs,swe
90652aab8896c856edca211d4c66c90d,TEF,swe
340cd1dcf5d3871fa2584362194cc4fe,NT2,chi
2b266e62509986a999b9bb14b225c7b7,TestDaF,chi
fb4e1405d53aaed6e5120f25201bdee7,培训,chi
8527c24d06d660c39c108577cd891cd9,PTE,tha
2b266e62509986a999b9bb14b225c7b7,TestDaF,tha
b3cf11de4a6cf5eff6c65f2b9065b966,öğretmen,tur
5906c748ae2170f0259fa3f4abeb149b,TFI,tur
4d71b36d3e5154b6fa5a5647bbfff0d9,ÖSD,tur
c0a0d10fc018c11948d2472b6038a9c0,CELI,tur
654de024829ac2d0d4be16e225160d9f,EJU,tur
8cf533e9669ca94413b681c20411f868,TOPIK,tur
4f5a8531996a690828de388828410330,CELPE,tur
e4218269679e8d10256d8574118f308e,HSK,tur
0fc5f7359321646f36a359f92d7a3c0f,TORFL,tur
178522587663ca1b2c3e10d8d1351a4c,DELE,tur
f36d9d9d23b9ac62a0b3f82309536760,SIELE,tur
5d0f5acba25f552f6d882ce67953dc0a,öğren,tur
6f85fc8808f4f7e4f812e8ab0695eb55,pratik yap,tur
c815f09da90fdcb986a0e7bf4e732fb4,Preply,tur
8045a0a6c688b0635e3caccc408a1446,Generic,tur
fd1dd0c603be8170f9eae0be9f2f6afb,Direct,tur
90e3ec1bbbf4ef1228453cfd3523cfd6,Bireysel Çalışma,tur
6c87e38fa221e99980aa2c13e5fc7168,eğitim,tur
34c3c72c9244d4a381975e146a319c44,OET,dan
98e2fdd174d9b634e49d4361be026730,DELF,dan
e6fa5be517968617c85b491c90d72cde,JLPT,dan
98e0fcc4a245d583dc4b497f05b332be,DEPLE,dan
f36d9d9d23b9ac62a0b3f82309536760,SIELE,fin
8cf533e9669ca94413b681c20411f868,TOPIK,dan
879943a5f05dd978da85a87b5c8eda8c,natiivi,fin
347097c4b4cfada078f73b91bd07493f,rodzimy,pol
f6b49b7da62a112311f1af06a5742e9f,FCE,pol
34c3c72c9244d4a381975e146a319c44,OET,pol
90652aab8896c856edca211d4c66c90d,TEF,pol
5906c748ae2170f0259fa3f4abeb149b,TFI,pol
98e0fcc4a245d583dc4b497f05b332be,DEPLE,pol
340cd1dcf5d3871fa2584362194cc4fe,NT2,gre
513bcfa2b82dc1735a07b97b7f870106,BEC,gre
d45bf883694592c3eedc6ffa54de18f9,講者,cht
a990226d63d8b4f802840f1d07fcd1f0,課程,cht
b4d45708de4ddb301ffd4666a5949344,CAE,cht
94e7f203ba80123f1182484c1c7351a7,TCF,cht
0fc5f7359321646f36a359f92d7a3c0f,TORFL,cht
af8da8db938b3ab7e3982eb81a20fc03,學習,cht
42325260d8434a573a40d89647f194af,練習,cht
6cbb887f3ad1c2cf7f69f4a614a75cd7,培訓,cht
8527c24d06d660c39c108577cd891cd9,PTE,ind
5906c748ae2170f0259fa3f4abeb149b,TFI,ind
199263bca0611f1a57202aeb039e6cd4,CILS,ind
4f5d3489a65f3d91403dd5d9e5329bee,BJT,ind
f36d9d9d23b9ac62a0b3f82309536760,SIELE,ind
19a66b38bb79d4d31b58c41865ccd2c2,belajar,ind
b849e1b8f3d8253aab5e827fcd3d07f2,מורה,heb
08ee9b8368e59cf38e4d077cd479b54b,מקומי,heb
33529559013862332ff903e30d84f37a,צ'אט,heb
d589a0c3c1a25f59d7f6ef7aa09f4c6a,מבחן,heb
8527c24d06d660c39c108577cd891cd9,PTE,heb
9908cc54879779a66c0a71d5158e1243,ללמוד,heb
71f1743a7e335df5df56aa1eac336cc6,CNAVT,jpn
a7289131cf6f284839a3419197c04b6c,OSD,jpn
ad6acac903e1b8b517a7f3be3080b665,CIPLE,jpn
c815f09da90fdcb986a0e7bf4e732fb4,Preply,jpn
d84622d76065c718234d085cf6cd54cc,시험,kor
513bcfa2b82dc1735a07b97b7f870106,BEC,kor
e921e0fbc792e0fc7104c6470b1d0e9a,cursus,dut
81bbdad0b7d94e2767581b7636c84d2b,Esol,dut
8d37c7829bdc15d7f91fd5c0f6047364,Oet,dut
5e7fb14724c459a787d6078028469eb5,Osd,dut
2ecfba83e70dfc88a3058a4c4327ee38,Testdaf,dut
5abbe2ca926ed714d52e56182fe3c1c2,Dele,dut
dc2c0db936fde804ce2c00ad3852d5be,lærer,nor
a9e9804b78f635be31de515d69637f46,innfødt,nor
7454739e907f5595ae61d84b8547f574,partner,nor
07cc694b9b3fc636710fa08b6922c42b,time,nor
1f8857d3b32243ed908283ef1570c001,IELTS,nor
8527c24d06d660c39c108577cd891cd9,PTE,nor
684e1388a91900480c702ac5b8f6b4d8,SAT,nor
90652aab8896c856edca211d4c66c90d,TEF,nor
199263bca0611f1a57202aeb039e6cd4,CILS,nor
8cf533e9669ca94413b681c20411f868,TOPIK,nor
4f5a8531996a690828de388828410330,CELPE,nor
48434156d0575c9d3a115772fb2d7919,snakk,nor
1f8857d3b32243ed908283ef1570c001,IELTS,pol
4711d7a59429b7f23fa17419be23bf94,Act,rus
e99ffe6e2323407e2605ed3a8b98d271,Pte,rus
a66ae8936ab75644ea6b0ecd46b65563,Tocfl,rus
8045a0a6c688b0635e3caccc408a1446,Generic,rus
0194f13efb8487de1fc1b99edb5f598d,репетитор,ukr
cf3213902b44d1ea47fbfb3f503a56dc,курс,ukr
df49dec043289ced0cb702bffb0500d1,Cae,ukr
56f690dcf210b6a0c02915cab86835f1,Gmat,ukr
7f4f2d1bd2a5501cd2ec38678e68fecd,Dalf,ukr
2ecfba83e70dfc88a3058a4c4327ee38,Testdaf,ukr
cf3e417f51ccb2646807c6592424950d,Hsk,ukr
b973d00dbd92101fa33c5a6e647b9428,Torfl,ukr
2c08980823071cc1f3d052862b9258a9,самостійне навчання,ukr
66635bde8e04477a9c40ea2086ddab8e,γηγενής,gre
71360fa29acd5bba07fd386921ec6570,συνομιλία,gre
8527c24d06d660c39c108577cd891cd9,PTE,cht
a77d5516bebad4fef7dfcb34b180f44e,asli,ind
c0a0d10fc018c11948d2472b6038a9c0,CELI,ind
ad6acac903e1b8b517a7f3be3080b665,CIPLE,ind
178522587663ca1b2c3e10d8d1351a4c,DELE,jpn
09b9db30e2d13cdd45c57cf9ebf7d951,학교,kor
ce382dc732a94f0fea953833111a42cf,TOEFL,kor
94e7f203ba80123f1182484c1c7351a7,TCF,kor
e3e5e1182f161d8f3ea7e218e04bfe85,inheems,dut
4711d7a59429b7f23fa17419be23bf94,Act,dut
81f2c062045f588d3a8062851183b42d,Dsh,dut
7bdb7b5d35a122da4e53ddd07d002138,Eju,dut
761220f7ecbd93b7f2b56812bd1f4c0d,spreken,dut
340cd1dcf5d3871fa2584362194cc4fe,NT2,nor
90d991b47098ceef3d8283a386cf7e91,ACT,nor
2b266e62509986a999b9bb14b225c7b7,TestDaF,nor
ef32b156fa91c6c5188e95b4037dd5f4,Учитель,rus
7f0407040ccb30cdc959d2fb84973869,Разговор,rus
bfeebd343fb6fbf32cb034d4de410dc9,рідний,ukr
5dd2dd599e839cc6f7207bd865e857e8,Bec,ukr
2287b361d9cc950b67ed56735a29bc55,Tcf,ukr
99e29bbe154a3ba8416a64cb09b526b4,Tef,ukr
12f989f6c3d61136911e82aa2c855c72,Tfi,ukr
178522587663ca1b2c3e10d8d1351a4c,DELE,nor
fd1dd0c603be8170f9eae0be9f2f6afb,Direct,rus
f558a3df8e6fd7305c90ded1b1ead135,Celpe,ukr
b73161d722478b506765d029253c4519,lärare,swe
7454739e907f5595ae61d84b8547f574,partner,swe
24a0be34286ed042f7adabd5bede104a,lektion,swe
71f1743a7e335df5df56aa1eac336cc6,CNAVT,swe
78fb020c2f9441e3601c63c8f9a3a0a3,ESOL,swe
1f8857d3b32243ed908283ef1570c001,IELTS,swe
8527c24d06d660c39c108577cd891cd9,PTE,swe
98e2fdd174d9b634e49d4361be026730,DELF,swe
94e7f203ba80123f1182484c1c7351a7,TCF,swe
5906c748ae2170f0259fa3f4abeb149b,TFI,swe
2b266e62509986a999b9bb14b225c7b7,TestDaF,swe
199263bca0611f1a57202aeb039e6cd4,CILS,swe
4f5d3489a65f3d91403dd5d9e5329bee,BJT,swe
e6fa5be517968617c85b491c90d72cde,JLPT,swe
f5fb0d4ea357163633d268f629a62a95,TOCFL,swe
f36d9d9d23b9ac62a0b3f82309536760,SIELE,swe
cb17828ac02fadd6cb77778a59051714,öva,swe
7c0453e79b1bff8f6eb0b8a0832107a3,plugga,swe
fc7119ba095139eeb5aacaf7fb108443,förbättra,swe
ac7938d40cfc2307e2bf325d28e7884e,plain,swe
b42e2f62c61bb59ad95364c7cfa06bd3,家教,chi
8e7eca1f7079c6a7861b3dcaa2dc8c05,本地,chi
8ac67c8074f3d3cb29709c3aeb7391c5,班级,chi
7746fb87c60704a26000455bef0c736b,考试,chi
71f1743a7e335df5df56aa1eac336cc6,CNAVT,chi
90d991b47098ceef3d8283a386cf7e91,ACT,chi
78fb020c2f9441e3601c63c8f9a3a0a3,ESOL,chi
1f8857d3b32243ed908283ef1570c001,IELTS,chi
34c3c72c9244d4a381975e146a319c44,OET,chi
b73014f259c910e9bb163ac74d4ea3d2,DALF,chi
654de024829ac2d0d4be16e225160d9f,EJU,chi
e6fa5be517968617c85b491c90d72cde,JLPT,chi
ad6acac903e1b8b517a7f3be3080b665,CIPLE,chi
ee7b340aabcf140a6f165bde3fed6a4d,自学,chi
0271882eec6c78189afcea2abff578c8,การสอบ,tha
9fea90d3a40b2d2d80b516470e21bb3e,โรงเรียน,tha
513bcfa2b82dc1735a07b97b7f870106,BEC,tha
f6b49b7da62a112311f1af06a5742e9f,FCE,tha
ce382dc732a94f0fea953833111a42cf,TOEFL,tha
e65da42c0d05488f54e2ccdee9a2d767,TOEIC,tha
684e1388a91900480c702ac5b8f6b4d8,SAT,tha
94e7f203ba80123f1182484c1c7351a7,TCF,tha
a7289131cf6f284839a3419197c04b6c,OSD,tha
e6fa5be517968617c85b491c90d72cde,JLPT,tha
ad6acac903e1b8b517a7f3be3080b665,CIPLE,tha
30071961daa71f233c2bd4287ba7be13,พูด,tha
d7e52173a681b8f798e24257438876a0,ฝึกฝน,tha
f7ba3b278b99d95114cd09738a9e8dbf,การพูดคุย,tha
4c3b9579705deea973e5de939cd7c3df,การฝึกอบรม,tha
805770d4522cced87fdc58ceee7fcaaf,eğitmen,tur
4e47da99411d4bdc3b5632db5b7fe542,konuşmacı,tur
c404f6fababacc5130c2295ead7137b4,yerli,tur
423aaa140b8d32b292dc5ed7f859ba53,ortak,tur
1f53cd4a51064068c05cfc6c2d494312,kurs,tur
90d991b47098ceef3d8283a386cf7e91,ACT,tur
5a753229efb8128b16b50c38708c6638,CAEL,tur
f6b49b7da62a112311f1af06a5742e9f,FCE,tur
2b266e62509986a999b9bb14b225c7b7,TestDaF,tur
4f5d3489a65f3d91403dd5d9e5329bee,BJT,tur
ad6acac903e1b8b517a7f3be3080b665,CIPLE,tur
98e0fcc4a245d583dc4b497f05b332be,DEPLE,tur
f5fb0d4ea357163633d268f629a62a95,TOCFL,tur
88c8cf7e4948b438bb55becb258f48b9,konuş,tur
7cc1c5dc9022a59c0c2b979d5c7d9ab8,geliştir,tur
4cd8413207629a963225f4314b53adcd,Plain,tur
199263bca0611f1a57202aeb039e6cd4,CILS,jpn
71f1743a7e335df5df56aa1eac336cc6,CNAVT,nor
7b6871c5804587accac5a92b3f97d415,学習,jpn
4cb44ac299b21ffa3018e867a15f5e65,leraar,dut
03407c0a69fa452090eb036c5d2b481d,foredragsholder,nor
4dded20d557a81180789fae71995e292,чат,ukr
91a7078c87f2e3d03e2140d8fe5c5272,talare,swe
3ef866d74850741cc21d7f95624f14ed,modersmålstalare,swe
fc5468372d5a5ebd99728eeedc5ba3a4,DSH,swe
4f5a8531996a690828de388828410330,CELPE,swe
65ccf0f205fb154d14c470767026d75e,National,swe
efed402829f283a42ae14aac798b3936,国家的,chi
77bde7107728766a2a08fd45ea5dc523,çalış,tur
793741d54b00253006453742ad4ed534,profesor,rum
25bc93bb0147000ebe9f60169d8dddf1,orator,rum
d77911dcd6a146f7148e26aaa1540042,nativ,rum
735b13bf21f8c93a6e0ab5c4956b9f61,partener,rum
1fe1a4436fb2bcad0c2b64a58c28f6e7,lecție,rum
90d78d8f7a0a37264b7b045b8bc73cf4,clasă,rum
ce7f03b6da0185026804c9f6bba22662,curs,rum
aa8af3ebe14831a7cd1b6d1383a03755,chat,rum
32bd3b82800c20c82f979e3cf1b26917,examen,rum
d759ddb0f11c9c4fc04c2c98de594261,școală,rum
513bcfa2b82dc1735a07b97b7f870106,BEC,rum
b4d45708de4ddb301ffd4666a5949344,CAE,rum
5a753229efb8128b16b50c38708c6638,CAEL,rum
78fb020c2f9441e3601c63c8f9a3a0a3,ESOL,rum
f6b49b7da62a112311f1af06a5742e9f,FCE,rum
3c3cec74241178c326af9ecc748f8a5e,GMAT,rum
7706998cba9c59295e0416087833034c,ICAS,rum
1f8857d3b32243ed908283ef1570c001,IELTS,rum
34c3c72c9244d4a381975e146a319c44,OET,rum
8527c24d06d660c39c108577cd891cd9,PTE,rum
ce382dc732a94f0fea953833111a42cf,TOEFL,rum
e65da42c0d05488f54e2ccdee9a2d767,TOEIC,rum
684e1388a91900480c702ac5b8f6b4d8,SAT,rum
94e7f203ba80123f1182484c1c7351a7,TCF,rum
90652aab8896c856edca211d4c66c90d,TEF,rum
5906c748ae2170f0259fa3f4abeb149b,TFI,rum
fc5468372d5a5ebd99728eeedc5ba3a4,DSH,rum
c0a0d10fc018c11948d2472b6038a9c0,CELI,rum
199263bca0611f1a57202aeb039e6cd4,CILS,rum
654de024829ac2d0d4be16e225160d9f,EJU,rum
8cf533e9669ca94413b681c20411f868,TOPIK,rum
4f5a8531996a690828de388828410330,CELPE,rum
98e0fcc4a245d583dc4b497f05b332be,DEPLE,rum
d187e257009dd94dbcb96c6da6f1812d,DIPLE,rum
e4218269679e8d10256d8574118f308e,HSK,rum
f5fb0d4ea357163633d268f629a62a95,TOCFL,rum
65ccf0f205fb154d14c470767026d75e,National,rum
0fc5f7359321646f36a359f92d7a3c0f,TORFL,rum
178522587663ca1b2c3e10d8d1351a4c,DELE,rum
f36d9d9d23b9ac62a0b3f82309536760,SIELE,rum
39fcc9eccd7be8db6dcca83a057c0e33,a spune,rum
e73ee26351f0e84fe8652255cdf789f0,a practica,rum
d9c77671d54005b924d7a793f19b6ab8,conversație,rum
d5b6dcd024976dec5b449b6746b8ca27,a vorbi,rum
64ff9870a96194a12c1f4483f867c85a,studiu individual,rum
44ea5466d03e3a298db49b59e0bc350a,formare,rum
c5a0f4051b326bf870f1d3c3e21db70e,handledare,swe
90652aab8896c856edca211d4c66c90d,TEF,tha
4f5d3489a65f3d91403dd5d9e5329bee,BJT,tha
178522587663ca1b2c3e10d8d1351a4c,DELE,tha
71f1743a7e335df5df56aa1eac336cc6,CNAVT,rum
b73014f259c910e9bb163ac74d4ea3d2,DALF,rum
98e2fdd174d9b634e49d4361be026730,DELF,rum
a7289131cf6f284839a3419197c04b6c,OSD,rum
2b266e62509986a999b9bb14b225c7b7,TestDaF,rum
4f5d3489a65f3d91403dd5d9e5329bee,BJT,rum
e6fa5be517968617c85b491c90d72cde,JLPT,rum
ad6acac903e1b8b517a7f3be3080b665,CIPLE,rum
64149bce88509eb44dd909ec5d6c392f,a învăța,rum
cb27d8ed9a7f02604d3326ab56294ee4,a îmbunătăți,rum
f6b49b7da62a112311f1af06a5742e9f,FCE,heb
d187e257009dd94dbcb96c6da6f1812d,DIPLE,chi
fc5468372d5a5ebd99728eeedc5ba3a4,DSH,tur
199263bca0611f1a57202aeb039e6cd4,CILS,tur
efd02694d21a801f598ce1b6114171fe,prov,swe
4ef520d6cd20ba4a727af08e17e4939e,学习,chi
340cd1dcf5d3871fa2584362194cc4fe,NT2,rum
90d991b47098ceef3d8283a386cf7e91,ACT,rum
266a6a2c976ab9b88a8a914c2d57d2c0,a studia,rum
