pk,pma,intent_localised,intent_localised_id
15710451ed9add3ff857cf53ca97ba93,person,teacher,8d788385431273d11e8b43bb78f3aa41
a8f2c25506385ed129faf039dc5b3acf,person,speaker,f0dc81a8a980333e911f475b62f6f238
296e18bd97216083e8302b40c1123f65,method,class,a2f2ed4f8ebc2cbb4c21a29dc40ab61d
f47d46fd3450ea2fd7d578d2d99d9123,method,chat,aa8af3ebe14831a7cd1b6d1383a03755
9979579a941ab9c87eb3678e2796537f,method,school,7516c3b35580b3490248629cff5e498c
47877dafee8f9da9215bcb7af833d6e7,method,CAEL,5a753229efb8128b16b50c38708c6638
d628e8403fd84a6049a9db1d79a1b0af,method,PTE,8527c24d06d660c39c108577cd891cd9
2eed7cdd94c9adfe3401f3c8234ca91c,action,study,2cd1c6ecec2c6d908b3ed66d4ea7b902
4771c7ed71e75cc53db76c5f6fff5bce,method,course,046d47672cf6212d201d6e8b0c191e73
fa2603c0ddd1fa33e5d3d5092958a00a,method,OET,34c3c72c9244d4a381975e146a319c44
980424e98612fa8683728d68d7a06969,method,BJT,4f5d3489a65f3d91403dd5d9e5329bee
9e20f562fe3d392ebefee828446b9089,method,JLPT,e6fa5be517968617c85b491c90d72cde
ec5bcbff812d866c6d935a4fbfb8596c,method,صف,b85477812d3565b0d55e85d9513692f2
1c29b229d5c8583b7297e3d4be1d49c1,method,دردشة,b7e100370972921405a5381f5a00fe3f
ab3850f39fe151ec7b1618735ccd5ca0,action,تحدث,9fee697d3c1684c9c253ed4d526860d7
77d73a5801d1d7179059ea1a449db210,action,تدرّب,d6e4c7a7b34a07c73a779bb15c341083
3854b45c5cd51776439b004e14901c54,method,دورة,637d5dd1f16a4cc1d923588cb55ede49
063599e4bffc50d2c62697b05171515c,method,TORFL,0fc5f7359321646f36a359f92d7a3c0f
280e5a085d42c8ac746a82dd02d953b8,person,nativo,a428c320148024680316bff752abd228
f525f52b7b3495910a0733da233c497f,person,Tutor*in,d54f752090714b0f73f8a5fca7d5bb0c
5d5947860c70afbf859be11677955225,method,Stunde,366705e2c00ca7775fa25bebf559acc1
77299ccde76cf29e7bb52d281aac5a97,person,δάσκαλος,cddc81f36fac942e41e287e7e68915af
bd2e10e73184e31738461731cd45cd65,action,εξασκώ,a683ea415e2149a97d0db0db9d76fec9
6b324301dc16282756298b31c479012a,person,夥伴,1289383a696f59012d1d6752394f9215
c3173605dc1ecf355debfb37875d4c25,method,ACT,90d991b47098ceef3d8283a386cf7e91
e494e5943a8fee1bb2175fee7f18c8ae,method,BEC,513bcfa2b82dc1735a07b97b7f870106
819039507442990011d6782cfea995b7,method,TOEFL,ce382dc732a94f0fea953833111a42cf
7c249ca1d8514cd053598ecb95f1bd06,method,SIELE,f36d9d9d23b9ac62a0b3f82309536760
6a2206270e43478925f23013d55829ea,generic,Generic,8045a0a6c688b0635e3caccc408a1446
51ea7cd17230ba97948e6f3bf78e375c,competitor,SelfStudy,4a860b1ed2ad18d4a09a0ed2cce56210
42e0f3ef1d68f71e508169ce764b26b3,action,conversation,b24e9760291913eedc16833c977f976f
938c27b5222dcf1d3b630d1cd9e87675,brand,Preply,c815f09da90fdcb986a0e7bf4e732fb4
28b5972db322afec7b4eb2e5f8843576,person,مدرّس,3f2765db6765cddeb1642ff9b9bfe6c4
4163a699c98fc553a965317ea912275c,method,درس,5169cbb2a14817982cf6299cfec24d41
e2721f3483fc36f0d5e7ba98437be733,method,CIPLE,ad6acac903e1b8b517a7f3be3080b665
9ad9e488e6b567be3b347fb6c7300908,action,talk,64b59718a47cf57a5e4f8443ff43d117
1983f35068818c9110ed77fce02ac45d,person,professor,3f9cd3c7b11eb1bae99dddb3d05da3c5
a7ba54ffc8eefe468781606875bfb3fd,method,exame,c77f6ffecb9c2177fe3c6ee85eab22f5
1878f7474ec9f773241cb537025224d2,action,conversação,2814ca1dc6aa376dd41f927bb2f93972
7ac400418630029af95af389cc25c499,method,cours,456c7996e5729627fddf96470e5e0948
385d3be535179ceb9e698691e7ce7896,method,Schule,f587e02939ff7f0474ad57eeb0e39e8c
84fb3533c8c8bcc675bb7f4227f4c9ec,action,konversation,eaceaaa75a82f5a5f05da4cf2d167f1d
710da5527b7cd7b1162511f9e8c1cac3,action,sich unterhalten,2156c684bd0b94174a8e8d157c8c74f9
eddafb78c7b11f17505f0549a26c7b0e,action,améliorer,1581a6d3fbc70c6a84465d49683c0fd4
37383c0dc6378ec079cfcbbfbb574e54,person,Profesores,043729807503bc970737f41e732e206b
dae801982da4ee038a48782f49d26151,action,poprawiać,a331bb0803eddd2b3b02c751db163a4f
9bb44f49a12b5770264f9bfba2f9b844,method,εκπαίδευση,b03258bd4480a093f2fba89573fdf974
f851f1669737dcfca14a8506f1d1d554,method,Cael,bc1c4c137e1cbbf75bc98ba4b45d440c
8d24a54008170f180266bac9bb11473e,method,Nationaal,d8ea5b5376c67e8cc4be98924bcca31d
ccbac52554b0a12e266651d0d90a7cfa,person,Muttersprachler*in,4146127520e388fc726cda626620d7aa
c6e1f422b256254d15606afd74b0319f,method,lezioni,f620d2b9aea5d2bd89983173a983d65c
97f471ab2f3dbf2b4aabbc8f5ba95842,method,esame,eb7552e2a95c2734882c4a63ce6bf43f
ce2960b3bdaa57034f47d7b77f4b6a40,person,Maestros,099b58384e69e1aa6a564aa8a1964847
811cf94a7686bf9362e2a97e31ec2e1a,action,Estudiar,7cc592de05a2046e25ba79b04b53387c
ed3f58914110a720feb494826c3a381e,action,Mejorar,4ae3ac35a3ff4a5920b63c0e120cd679
0a4219824ff96c1723f330764fda9874,competitor,Άμεσα,74bb897855369e20c9c0c840d47556f1
e4a639727d737b035c5f0b4f6dcfb1f9,action,對話,4768807ceb307c62cf7892fb7e7fc796
a4f282fe968683c9bb0c56beb04fafca,brand,הכשרה,479e8dd2cba424386ae41cdf387ee591
b9964f8e278ceb08bebaab3f7e7c847c,method,コース,107b5397e3000d3997aebaac42377a35
638e75285584368cd99337cccd77eda7,method,Icas,9407ee4ad80a428ad5a7efded6ddbde9
ef0194c77205d4ea5da78efeca51ebed,method,Oet,8d37c7829bdc15d7f91fd5c0f6047364
a378e90962b751b25370c1ac5b279219,method,Tocfl,a66ae8936ab75644ea6b0ecd46b65563
a946b6b40a371916221e4db414028c93,method,NT2,340cd1dcf5d3871fa2584362194cc4fe
936e1877b48f256ea0b102012a6acb5c,competitor,Direct,fd1dd0c603be8170f9eae0be9f2f6afb
6051e34552439c49ad1bbdc6be8e00b9,method,TFI,5906c748ae2170f0259fa3f4abeb149b
783a927df1d2244fc6544611872bd9c6,method,امتحان,2a1e0ca4d0aedc6d488d84ce27809256
3bbc7e62df1ebdfc74853855b228ba43,action,تعّلم,bbfa42923c997b26da660367cfc9c77d
3fc9bdf12d0bed865d65c92e6ee3ee3d,method,classe,1af080153383444d8f5b3602d7bb11fd
c975f4c4d4a01d1ab2e1c2f5395abee8,method,lektion,24a0be34286ed042f7adabd5bede104a
c96fe9fc2b83c85f2afe5bd0d1d59f78,person,أصلي,34a99c3359b319f5a5f27644645122fd
182bd2eada864170f36f439f533a5de3,action,falar,dc50c3c1972bfd9a6e53080f9de5288a
e773be9c1262f9c356e112665b1414e3,method,Kurs,2589218df2ad6f6039a95d9d4dd979a3
c7da9dfa85572ac573a4b373ed73a714,method,Chat,55dcdf017b51fc96f7b5f9d63013b95d
0805a34e74d66fed945eac01f0526bb2,action,üben,4ec56ea748561d98fbbc8254c2ad29d6
6f344288e56a7fc450738f7b96630bc8,person,Lehrer*in,d8e1f35a6142904888a9b3f286f903f2
d95afbfb74ceb128975d21d737a54172,action,parlare,c8536d95c98f5fcd0f0f5aac0b8fcc29
33a0aa43ff91b8fdbeb52096b462314b,method,Curso,efecb371dd2208f6476d817c1ed74614
9a3bcba43168c9526f15748a549acb2f,method,time,07cc694b9b3fc636710fa08b6922c42b
4c8eddf45bfcd4640fd8dc5e6cc58216,action,forbedre,78175cd46466973a182cca415ee4a85a
8e3a0efd08d72aac6cabe1c3e5018d51,action,oppia,ae1bac52777393fb7f0e504372b4ccb6
8afbaf87b17245ce214a36f83e7c46ef,action,parantaa,971ceb50d497dcdb9e90bbc7732e098c
13e2e2dbefc72bbc4e09f0a989240a81,method,træning,1b849a8e63f525e1bfdbdf06522bd7ee
b8da5aeb1b4263ab7b47ee0396ffbeb7,person,puhuja,13fe41e00b88baa73a1482e1482c8854
2672de1b5fe2fd0e18221165c8ce0c88,person,użytkownik języka,fb08d478b052b3e88c5fa5a639d83071
c2f8aa8430a3ff397229b06ec035631e,person,συνεργάτης,9056e6c477f7bae11860fa3ca41be687
6ecdd6f3f48c79c080bfd156f0b72e0d,method,σχολείο,8673a7f8f6ca45b6b53235086e981611
a80c64b6734223783449c8823a9d99db,person,老師,18c5718531ce746c9c5baa11b270c5ed
8bcb8415a731d0649223f3260da56501,person,מורה פרטי,4c9e083cf25dcd318ec8b812ac61a4fd
5e7a0f3afd3841ab80889a785a4441a7,method,צ'אט,33529559013862332ff903e30d84f37a
97282a9c9b4ac1ee89e37a63ca524c4c,competitor,自習,85227dc154fa28743bf1038e27c5f899
f38920815fbcd6ac6a712307c7f33a76,method,학교,09b9db30e2d13cdd45c57cf9ebf7d951
0ed5bb846c6b7a73eda4bc81df1a13ea,action,말하기,de317c826e773115556504f010021f9b
1d6cbce658b0e53bf3d0b78f6f3c94e2,method,Nt2,66f456431a09f3e9562b4fc74f5533e4
5473a0d86992eac5c86aec9639f2912a,method,чат,4dded20d557a81180789fae71995e292
028bdb9cc8c8f3c1c24e3b50f14297c2,method,Курс,d2b74163ed3fed2db7d7e41d84aca1f0
44dfd8db292628499f381662b1753413,method,National,65ccf0f205fb154d14c470767026d75e
5d6cda4901bed0ffe545b5453a01d603,method,curso,1042013feadea5404c396dc5b7eb62ed
66fa9500a20ae909549d0e3c4b726a19,person,locuteur,41381934a61431d2080b15e8cd17aece
9c77f7df02f387a0b6e551ea8d2b84dd,method,formation,f1a41f239896dc63a6eaeba863f0e7ce
3c401b0905d961001041b52b039bbad3,person,partenaire,5bd40a8524882d75f3083903f2c912fc
de60a3dac404c990c710536be2092700,action,migliorare,074fd8ea7f006bfa86bdfd0fdf821b46
7a4f4697c7591c589cf625d0f55698c9,action,conversare,3a4eaaba1baaea2bac4dc39a0394e3e7
aca61241febcabbc0d64bb1f7116ff00,competitor,autoapprendimento,4d50c106b31b5db3532ff6af2b4f7e11
,action,,
6801cf44edcf04be85471c89f2d97c94,person,tuutori,7ee2dffe38f166c311c5a28f744f0ec5
551dce575e5541d75cb6aa9d073f110d,method,kurssi,50a44048b81dc7b6ff1940fa07995dae
3bfa52d708fdcf254ab23f871a9cfda1,method,koulu,ebf0f7b8718833f9cfafd318b8c63fdf
b030292c6ece8d2e13ed7e573381a2e7,method,Clases,4b89efe556f6780ff72cad044b2cbedb
5668bdd0d1e89754b71dda4658228fef,person,lærer,dc2c0db936fde804ce2c00ad3852d5be
eaa540860966a1b171e2e21008566938,action,snakke,f270bfebafdf8ad793e969de2cde5176
8e566164e3eab0b3b92aa1657341a88e,person,nauczyciel,53f1fce859c22ffdeff1adfcc31f670f
ce90ff6c37fa82570a093d4d05f248c2,method,zajęcia,33e0b9bedaf419a8279d60192abede27
a6621232f176758b3e0be1ffb39a40c9,method,kurs,1f53cd4a51064068c05cfc6c2d494312
3a7f39e57802827a21309a3ca582ef03,method,egzamin,83ec2295a5107ea252f8f45455f33eb9
3dfdbdbdd0e782a9f312117fff6c3ab4,method,narodowy,d5e786dc6a2b8a4f2256a898056c6c10
418fdf5273ff46e4f78927449d71c67a,method,εξετάσεις,81f5ba25804fa189028caaea12e93746
e46d5c9f8b9fed15fac89dfcd073276c,person,家教,b42e2f62c61bb59ad95364c7cfa06bd3
6fd29c8b32a7861e1ba0a007207750fa,method,IETLS,5a598a2dab145829f7977ef67ff7296c
e4c60b6efb8e30bfa5ce3caee3b4195f,action,說,7521d43c4bf036d84cfa0a499877d142
23c178f0e403969e3821ad3564747ad6,action,研究,2d46537e724fa604c205eea6cfc26083
3e34e71d5378342ea74994ee91e1ca4b,action,meningkatkan,08c16105c219345a307c1069cbfe5aea
d4ecd2b16a9cd3e399ec7efa2109630b,person,מורה,b849e1b8f3d8253aab5e827fcd3d07f2
fd1d0261ff6a25fcb71e7f16af0acb9e,person,שותף,0585c5cb34ee6107a08c43a65a4a78f7
94a460a6f64a37c884394e140322d1c4,method,כיתה,d4e7c7e0e32d1436ca8b4076ce89b1f3
c37aabdf5c51bc59c0cf58656d6c1732,method,מבחן,d589a0c3c1a25f59d7f6ef7aa09f4c6a
0b8aaac20fd0c69b7a6ec2a2487019e0,action,לתרגל,e86dd5feabd1036a19aa8c1d534f2e90
9a3b3afc81f1ae11cccb88ff627ac7d0,action,לשוחח,e88be776d2e97038af34803d8cac8390
8f34fd96488dfd2f1e4ac7761f812539,action,학습하기,a3d4976e2a581d7719beb4d30648f589
bd0704beb131a6d56c585b4004892c3b,method,트레이닝,01fcf0a2f7ac3c7532aca3d13adfe4b4
2392f6ca6545a15c5e6847013f977754,method,Pte,e99ffe6e2323407e2605ed3a8b98d271
296796df731d2c9f16ab73443f5746b6,method,Topik,30c7eaf2c005b864694176f904536e98
c3b655280675960304f95893fb931123,method,Celpe,f558a3df8e6fd7305c90ded1b1ead135
1ac04751fb2493b455fc2c9f7c0cd7fd,method,Ciple,f5179c1df702751128b1dbaeb3cead9f
d71d400958ebd5e2ca7fbb0c04059ce0,person,Носитель языка,59f1f139de78872b53d376415a6ba4c8
290ba7d7383ece05b8a1e7990921e4e6,method,DIPLE,d187e257009dd94dbcb96c6da6f1812d
2f6b53482fe932778b3be9d62811926d,method,Exam,b66068cf75e5acb6cf1af2ad1d0642ed
fe5db8611c109a0a514e36e771b616c5,action,praticar,8235506bbe27785e3ad1428ca5b8faaa
9bed2f50999c5c5ff820c83ca3467db1,action,erlernen,f49cfbc6953665dc0c3a9e0bfb7524e1
5c22ea9c5022cafa8622121a5de7665f,action,Hablar,4c972a1520cf835dde6af0a9b4d7b2d7
db858d97004765098d008e4bed74005f,person,penutur,8b48c015dd5689d52246f088605f8e60
3787563b925f7e73439a7a4f057fd266,method,トレーニング,e0c4451120f2a1aa135ca841814eb7b6
0e66318b228725e98ae6fb13ac766c0b,competitor,autoestudo,25c8915bdd3409c527833166bcd2be43
20ce3c147d29f27078d42584f2f2b815,action,apprendre,63035f17bdaca2eee8fe96a88434912e
8470567f251e9890540386aa9df0ccf9,person,Sprecher*in,c3aba59af34521268493418995fd109e
195acc0c63fe291ff39a41764a3e3348,action,practicare,e80e8de35a0838370afcbef45a11df8d
f27c60b3e8122279919c09cb6533fece,action,conversazione,b75e7449fbfd4b228f20ffa0d849d80a
0cc7a74c14a6f604e5e0868d1042a2c4,person,Tutores,18f8b22a6acc5d43e86d4dddfc624ab0
02f0df7ab492454703ddce1af22eba1b,method,Eksamen,aa99a57e1c999cad9d96d3ed35775458
7776850e66a60164a5852f6363b3f08d,action,tale,4d3debafdd402130036512d2af7f3661
a3f874f4962c98f6abf41c1b22965433,method,oppitunti,6912d6cc519051cda0b942a9a8e10492
49653a3359ae5165a6d8345d76ffc28b,action,keskustelu,abf77f60bc34df6668e874061423f361
b5b4a3ff256e3f2e87bb0d3f64b65d10,method,koulutus,179ebb602a409ce8fed8dd946514ba09
e62e6c956743f7d46703471a699e8f22,person,rodzimy,347097c4b4cfada078f73b91bd07493f
0de8fed54ab3e220828c6d0b6b1e0597,person,ομιλητής,8c60c445ed96503a961a22ed8ee22ad7
dfcde4232db55badace1155e1384d6bf,method,Εθνικές,dc67559a125f98745612825dee4f7370
194d890447248022c8e6a399b2a3e6a1,action,βελτιώνω,a36ed6ebe7a6e14cfec5002cadb8e238
06a6b1302c9a4f8abc7a667ffae91dec,action,συζήτηση,7df6daf6bb367567be2ae491ce2dc254
629cef42d4bbb04098b214b3ce33d0db,method,聊天,c0abbfb414cfe15f8644a61570345de2
70afe472dc577f6715b3cf1455f2b70b,method,pelajaran,66e6ec87ac2424e3a48c6e01f26df9b9
1360001e6352f67345c2082db4602ee9,method,sekolah,fef4cda9b13cc54433ef48d9277128d5
cd77e33de2c7a731d36d1759de1888f6,action,berlatih,28aaeeb788badc1d0943a79b86b13daf
c8bdb6d71b86b40dccaf1fe04555e569,competitor,belajar mandiri,8bab9e0cbb7bc6d9a4de1184d49ecbd6
ad8335279e7c97faa57e891c912796ee,method,pelatihan,9383b6a71f6ad7974f0bd7ea6583c72e
4a6c580ac08c7d727caad5b0de6e8b5e,person,דובר,866e7ffd838336da670bc123f0c6f342
e3cb0c1d7c60516c860bd3e23ca41fe1,person,講師,389abc23303579a3c6209ec3148aa384
5c3597f074fcc44a4eefe3c844a3a35e,method,수업,7749439ac59d29eac366472b54da3c39
c3216a9852243cb27ab2e118c238f8fc,competitor,자율학습,866665f55113b6e67a3a4dcf7e9676a3
695829720fe5f3cb4d4ab05637161c70,method,Tfi,12f989f6c3d61136911e82aa2c855c72
1e93e1a7ce0ab98804dd8ef3f213956c,method,Celi,d07ce1a726f40a1fccb3757ae5404e7f
eb601cc612bbf5416ff9c0eb56c618d4,competitor,zelfstudie,6399dc01bbabdb27374237f4f473f49f
97afc9bacacb1541ed3046a122d152d3,method,opleiding,bf90268a53d2a272893136fc6d0158f5
51fc1c5b81f98e781e6ec46a4eb52e10,method,leksjon,a2a2c0334dd3348e4fea3e4bca6067b0
d37a15553062ab41fe52c1e1cfe5d90b,method,nasjonal,16946d2b1c6506785d48c90785b26393
7b2cd292f56fd71f0903be7fd0b8c00e,method,Lecciones,3c5644400c2d9fe2bfeab2e5f46fa64a
de1311eb96c810e47be00f333f4592ad,competitor,selvstudie,dec21b7b0ec8dec7df690d6b9c4ea08f
7cd6d378c9817417218e853aafaaeb98,person,innfødt,a9e9804b78f635be31de515d69637f46
ffbb51e6133ac0bb3266dbb5ec1f865d,generic,Γενικά,cf4bb0943202294be94896799389ffe6
dba20dacf89bad2b7df8d46d21dcb7f2,action,Изучать,967021fe4e02a07fbdfd57103048fd48
53953a468abb57ec380aaabd3f161327,person,вчитель,3e5b44700b27fa6067e040933ace0839
77d81d03ca4ce8b473eca46b5d4c80db,person,мовець,5c0dbbc4048d6c9b9de09320aa2a809c
cbd214bed8f5f06991448e3af3658667,person,партнер,ac2a27ec4f363e236b0d4d9f63c7b6b1
c402267d6e83b569f4df09fb1dd7db71,method,курс,cf3213902b44d1ea47fbfb3f503a56dc
dc127ccf13601eec4d68771b647cb1d3,method,екзамен,72707288908de77d6320800b1d1459f6
2623cd6fcaeac38287e2e3cfc97b289d,action,вчити,f42672dc30f731bd08bf1c699d7087ec
a05ffeb1ca8e4448b1f6535383c8a1b3,action,покращувати,aac60687033b3d1deb841cb52d3c7168
07ab7c315b45a21defb80fd4704ff67d,method,навчання,c428f0c0375a66be5c337144495f7f20
cea35a87ef7b4ca39be50b568064b91d,method,szkolenie,c4edee29646b56254fd67bdc6fea8766
2e370732f3fd49ccb63f2e03151c3e2d,person,spreker,c34c022ed97af6502fd9c1b2f32ce9cd
72c602b31c65b5bf65059a9f1613a257,person,inheems,e3e5e1182f161d8f3ea7e218e04bfe85
d7f31f915fbbd9dac306591a175ee860,method,Toeic,f3b1e4ccfdb341b0d9742a64d9f82ba2
1cfb7266db489d696ff6f0ac73832f86,method,Diple,67caf169012a0f0d80c18b335ccc532e
3dbee9d0c2db0e5e98aa9c85e3dedbe0,action,spreken,761220f7ecbd93b7f2b56812bd1f4c0d
0d69dc9d846a7f9d994658266d539a2d,action,praten,ee0e2acd2d4a093adbfb7fdb3744d0e9
bc8d909e4952e4a8995b97f89f0ed8e3,competitor,selvstudium,284b1a2d7a3a3e852fa7a62761c81a71
8fafd5e8b9b6c0946119f9960b273109,person,lärare,b73161d722478b506765d029253c4519
54ac787c95592fe6b8bc64e81b2eefbf,action,plain,ac7938d40cfc2307e2bf325d28e7884e
a4a769968ebb613986946a8ccbc1d791,competitor,självstudier,87a4f85090965bc921230052a974a85a
a20d6c7e5890c15aafb0c8b5ea3a7a54,method,träning,48f64c9594a3d678c5a4d7ccc35761b8
a891934f514020d3b24fcf1b97a5a037,method,考试,7746fb87c60704a26000455bef0c736b
282d9d17c6bbc384fe4febff564dadbd,action,说,ddc9d3d10db69cba331ae2403776ee36
29c42ac8bef7bad5f745bb38c727a623,action,练习,1ce039c953927e7bbce749f30555b963
2569e51c631148522292b6c3298e0c6d,action,学习,4ef520d6cd20ba4a727af08e17e4939e
a7eac8f79481acf193d2bfbc4609654b,action,对话,85936242fc9e80fa35d92143af6b6d67
9babf9c9662a1152a4a4c113608e9223,action,说话,b3aa9cae4cb5b1fa850c461fda390b72
a9d1c3667346b73f94b75fa147ee8d15,person,ครู,04da82c98345944a5c78c3cb4ac497e6
007a4be3065455a9eb5e052d51047cd4,method,นานาชาติ,8460d365eb89589d59114e62d8448c49
c871296d7ba28b10cb713593c1723ce6,action,พูด,30071961daa71f233c2bd4287ba7be13
52d8979bb7d5aaccb8bc50092b451a20,action,ปรับปรุง,437f8ac3dcb5ecf971e3fd53c0f7aae3
2390ff735f0d221211e462ad3678a30d,person,öğretmen,b3cf11de4a6cf5eff6c65f2b9065b966
8a9d34a35fa1688acc420514626b9a6c,person,yerli,c404f6fababacc5130c2295ead7137b4
32fb76f6c6b6b23c4972eae310d74160,method,sınıf,8274ea4a581b0f60ab0b4488d52dd0b3
ccfe1b70d183275f1552a69706843f38,method,Sınav,bc9da54c161f5cc80dd2be655ca5ce78
09b35412226e42661cc1c06bc40d5ec7,method,Ulusal,efa71f686a60acc10647b1ce86f8d55f
f8612f40f6251440804c70716beb0625,competitor,Bireysel Çalışma,90e3ec1bbbf4ef1228453cfd3523cfd6
adb58d67e79dad63d3b383a76b3da0ad,method,eğitim,6c87e38fa221e99980aa2c13e5fc7168
8169925fb8517e0ea9f067f30754c78a,method,curs,ce7f03b6da0185026804c9f6bba22662
e1f8b53037843fd086ec23e73d408206,action,a vorbi,d5b6dcd024976dec5b449b6746b8ca27
65006f06c4128e3735b2aa66aad465c5,person,insegnante,b52967cc88dc9ce2824dd87dcf7575d2
20e67fe52edaf2970c447876366cde43,action,studiare,abf57f378c012940e81315ad1e7abdb3
f7564b4ab8644c95cef9cf2cdfab275d,person,indfødt,0dbc4ed38e0e65ba70c3f6a046f5da6c
9daaf954a4f5a6592dd4768cbe94e361,competitor,Itseopiskelu,7b8b38bef48e18217717848ad1e54e5f
c238fc71d5290ed4518da984a507233d,action,ćwiczyć,c411a259abd8dd27f7d4ff0cac370960
ceb78a1b6fbf5e1c65e3a844703898df,method,國家,6aa930e48f2d3163713d4b3248e2867e
22ce8fee98d99cf937425a03becde867,action,提升,c290b27ea2c04b3730709cf8f3399132
6ec290c978c846dcc7c4b8a7ffc62719,action,לדבר,a5398a75255211c1d6d55c08d3f16636
20324170340c0d0db44b4ffd973a4213,competitor,לימוד עצמי,31828a336bee8ed35146c0f3f38495b1
8bc31bfd17e5f146f3efad3d59446a20,method,les,3f816a388569d5a30f20546196aaabd6
c9969c7095a8816cbdf483fe4a5ffb41,method,Act,4711d7a59429b7f23fa17419be23bf94
04dd7ccb3b4141f95ba78db878403459,method,Cae,df49dec043289ced0cb702bffb0500d1
279230988af95c6f75416eda3610583d,method,Delf,42563a4e131b3a30297fd159e66cbe85
db1d9e0a3e42a7bbe0516355b6a4bc93,method,Tcf,2287b361d9cc950b67ed56735a29bc55
b090b677e1312b23722c32174384f704,action,beter worden,2bbd86f109922e7153448a89ffef3d3b
a7825a36c0b6b4ff20d8f9add19a926a,person,foredragsholder,03407c0a69fa452090eb036c5d2b481d
16e48708afc099f2325f029e162af873,method,eksamen,95292f35aaedf1f409b57e99645b5961
e1447938d581e870f0027f3a16e218df,method,opplæring,dcf68227bac9fe0e91c0659ec73b394e
297275ef4cdab9df614a307c88d11f14,person,Учитель,ef32b156fa91c6c5188e95b4037dd5f4
f8e4a1f47188a41f6d77193cd5212331,method,Tef,99e29bbe154a3ba8416a64cb09b526b4
8ec23ef465dc9e8a9f74123ce18144a7,method,Eju,7bdb7b5d35a122da4e53ddd07d002138
cdffb5d44226666e403bddbfbe60f821,method,Экзамен,dc3e3ec78d33e61738c712e7d6b3dbef
5e7688c2d5e0bbea88281c43bc9986ea,person,강사,5115707c7bbbc20d84d1d9e4ee1f2cf2
2666449036e53a4145fd2d3567402b01,person,репетитор,0194f13efb8487de1fc1b99edb5f598d
280e319e9dcc4d0ffedb556c542ca145,person,handledare,c5a0f4051b326bf870f1d3c3e21db70e
3678cb0b487c6141b665145d0b9295f3,action,plugga,7c0453e79b1bff8f6eb0b8a0832107a3
e570f8479abb54f8b8b9e4736ef1e44b,person,教师,d57b6f2f5ae027a90e2dea6ba448477c
f7c699deb48683ae1eb5a2bae4ad6983,person,搭档,c3cf47601938f2ece43d1fbc7bbafd06
1326ad3a18b4f26987a5e469becc7e98,method,课程,58983b0dbd37e844a2fbd6094f31a2e0
33e26dc506242238f1afefd88fc09869,action,เรียนรู้,68d57e2badff50206182f8838bfc005f
10d3b1081b45170298332565d79b0273,competitor,การศึกษาด้วยตนเอง,29cd53a422c2a607808aeafc9431d23a
b9b177b0fd59f0fd5ec7a60d14bcd76c,method,การฝึกอบรม,4c3b9579705deea973e5de939cd7c3df
a7f945560bfb9599d176060cd8d8ab36,method,ders,580481b818690f588b309abb6bff4ea5
0c7c9f54f8cb0449f56ba6b6bbffdd47,method,sohbet,6807ddc14c67b6b233c91824bd799cc7
5fef2b06229d42593a6a6cc30ce547ff,action,öğren,5d0f5acba25f552f6d882ce67953dc0a
8b7c87fe528e00d2c42a8f4bfa68b7b3,action,konuş,88c8cf7e4948b438bb55becb258f48b9
76d7d6c3fea5aecb25077ee6aabf099c,method,clasă,90d78d8f7a0a37264b7b045b8bc73cf4
4e22fe0370074068e3bc81124e98d606,action,a spune,39fcc9eccd7be8db6dcca83a057c0e33
7535c81ecaa4a83e91de7838e1b931b7,action,a studia,266a6a2c976ab9b88a8a914c2d57d2c0
fadb28036d6e119e277c583944e65990,person,partener,735b13bf21f8c93a6e0ab5c4956b9f61
f40c931f139827708362f442c57e7a1f,method,国家的,efed402829f283a42ae14aac798b3936
e70e1b32070ad4ee320bf5c333d90d83,action,sohbet,6807ddc14c67b6b233c91824bd799cc7
1a272a31732efee40fefce5f276d2269,action,회화,2bed60e0473c050f44f6f535756446bf
123d31914057c65f14ce3c048bd282ad,method,Osd,5e7fb14724c459a787d6078028469eb5
444f830152fec6823a71674cf9b41da9,person,Родной,a68c044857c412e913807fb953c99bc1
4a680c136e3156f3f860e2083358d0df,method,Esol,81bbdad0b7d94e2767581b7636c84d2b
8d7a3c8198eefa69d230a16e4de59aef,method,школа,108a35bdf7a49faa4d00fe2522db569c
5d093fd1706d30d763d7548dc344ea9d,action,学校,413b738061f6a5148fa3704c5c5bdca9
9fb1d789e411e6a6a9fb0a3425b62b77,method,บทเรียน,9c252e97ada609747f8a7f13c58cb959
ae698fb6a4c7d257b9a17525af23b6fd,competitor,studiu individual,64ff9870a96194a12c1f4483f867c85a
8da0a147b2838152d81e88064dfb40dc,method,レッスン,10082976b56400b549d361d5586e1912
50bb24036e537c066f6ddd7ee31cf581,action,oefenen,b1c375f63ca3548c35e48019396a6e42
03593a8d0c6764393b5923568507fcb8,method,lecție,1fe1a4436fb2bcad0c2b64a58c28f6e7
2f4a3c9cf74b87d93c44ba9967b271ea,person,tutor,1f6f42334e1709a4e0f9922ad789912b
cee23c30bd0698860ebbc1378df4945e,person,native,8e5f3adee38c8fccc13c1f3be0143796
81b3ddb09501985e93e307f90ab51743,person,partner,7454739e907f5595ae61d84b8547f574
5d19ee5ce9a2792027bc3b10f7196531,method,lesson,6220a030be5f7a8c4760d3e9b4d5d9ee
c81a87c5bc022dc415b65918c20f12b0,method,IELTS,1f8857d3b32243ed908283ef1570c001
1169557b55eb87f6306faff0e386fa6e,method,TOEIC,e65da42c0d05488f54e2ccdee9a2d767
638bb87f47762eb86ce4f6cca25d8af9,method,DALF,b73014f259c910e9bb163ac74d4ea3d2
c01c4e2b935d18a8f0b611f3b8f2c749,method,TCF,94e7f203ba80123f1182484c1c7351a7
1dcaf514d6b03ba30f9e61fe2bddd1e4,method,CILS,199263bca0611f1a57202aeb039e6cd4
5ca703760b7bf2ca56e19b0a0af06458,method,DEPLE,98e0fcc4a245d583dc4b497f05b332be
ea0b6457a4431c35c11e7caa1cff8375,method,DELE,178522587663ca1b2c3e10d8d1351a4c
691b750262571f06250866ffb24bf231,action,learn,339d8d14024f2ae5c8dc2e07362eba1d
1db6738d0a9f978bc7787c67ef22792d,action,speak,69378f8c051ff8c5686c002e8202208a
53c1626ab1eb32ed723af7876200ae44,action,improve,33c0478b996aa76815627291a57e5689
edfcfa17ad8799d407c0825b14f1fbf2,method,training,c185ddac8b5a8f5aa23c5b80bc12d214
f82ec1b01add0e21009c611bad848b50,person,متحدث,eebfc4b623ebcfda019c73b4aec4dfa0
1562805bfadda3d64e7d8e538cc44a13,method,CNAVT,71f1743a7e335df5df56aa1eac336cc6
978720233dc7bfb9621724af64cc02f2,method,ESOL,78fb020c2f9441e3601c63c8f9a3a0a3
895a27ad0dc9e05f135aff59d6af1e9f,method,FCE,f6b49b7da62a112311f1af06a5742e9f
88bf888248e9e220f5b9dbfd02f98644,method,SAT,684e1388a91900480c702ac5b8f6b4d8
d5d345f258de84cb6fa900bca44c86cb,method,CELI,c0a0d10fc018c11948d2472b6038a9c0
ab77401c8fe7608353228077a4a7883f,person,شريك,f23387d3c1374d5690639161b10d11a9
c572ff68132b1463ca5933d85f6d3e85,method,تدريب,674fb279983522fde4ee7cf0fc27b277
2e066d5cb8d591c75075296f757070e3,person,natif,5ab59c9bdf8ec05bb4e0d92c40a874db
fea89d8d0d7ab5b7c9095e6e032f8623,action,sprechen,a34d904bee6c45cb825309c6184bb404
15044964ba80c3072d4b0f3366d76f9a,action,øve,a4f85cac2868bffc0f6a0bb08f8a8adb
4097a6e4c328cec08134cd1e14ab3190,person,partner OR mitra,6bfb3c631963dc0fb69231faf2918b37
63d1f4a46622ce22b698dcbf4f2aec07,method,OSD,a7289131cf6f284839a3419197c04b6c
0db4db5d6603c59217f4cdcdb955ccef,method,CELPE,4f5a8531996a690828de388828410330
fabf8d5c99c27faa057585f6f0e260ff,action,practice,8c40400c009918b5f10b73f9a0e47398
b461ea6765cd83027a453e0889565d72,method,TEF,90652aab8896c856edca211d4c66c90d
492f7f4e6f914dbe36ef93693586675c,action,دراسة,af525eda6429f9becbe2e288aad55a1b
31b150864eabbaa9d4066b90e69ee76c,person,parceiro,22935d7f7084b1ef474f7a006d2102ce
7a948edec9010fe27b4c940d88f73290,method,aula,1d86ec4ce9d3a4cf793d052268bd1924
e3a0e0b1fd2bb49bd18172295c7f6149,method,escola,3c0855b189d8d38ba9c235bdbb6b30ab
1d733245bb0abd3fff5fa5cd921b9e80,action,aprender,53834f541b9428926e9fb70be672264b
8573384d178f3523cf73aee0b3051e6c,method,Unterricht,f3d92b8ea0640586d56403e56e1b06aa
81ed3675ac1d4a2e46ae4921523e74f0,method,Prüfung,99ee12eacf65225cf63c61d59c04cd95
4cbecdd750f6956ba5b26fed1313ef6a,person,docente,ac99fecf6fcb8c25d18788d14a5384ee
f1f5061a8d309a8ada29067741dec482,method,Formacion,9e0255a8ea700fe0654b418e78815c6c
d0dcd5a61088ba185a57323279fbfa67,person,taler,d5a7d2958ce8b7fcd83275d8950e1947
3b456de66828bbbdf69979a481a476fa,method,kursus,b4129b5c652aed47623fc5af8a9a3c9c
558675a19ffad728b3fccdc2b7b98054,action,studere,a66aedfddf4ef5d47ee05f222c2ea2f8
5704776c3a601b1709c6031d4dda02d5,person,natiivi,879943a5f05dd978da85a87b5c8eda8c
e35d5eae1f3cb43fc16d4da93808eb6c,action,opiskella,2851cd757b5b52198b5798f74e151a73
90aac6ea360d60c35bfa3063ed54873b,person,korepetytor,5a4ef3d3227ab2731f509bbbb32d2dce
55cd9378623fde99208a9ae4e34b9156,person,lektor,5ba66f4b561c9b9c0a7f937dceb676f3
ed33e81323678cd32efa1050b0240c33,person,γηγενής,66635bde8e04477a9c40ea2086ddab8e
6da5626745e90d5447a013b331f62f00,competitor,Αυτομελέτη,f262dfd523ee6f4261540eb71c657e43
49d8949903890be33fa9ab493d76b4bd,method,班訯,7d3bfba852e099b2225704b52fad5978
5caf447bc18d7267e871abb32b1254e3,method,学校,413b738061f6a5148fa3704c5c5bdca9
0d471f32ffa72a5f134bd1f8bdeeee31,action,melhorar,b698a11e3c42095b8e61b9883e245c08
82e2ecfd520d083421835736528db23f,person,Hablante,c7dc0c91e672fec773b574878d8195dd
227f60277bd27f47d6329dadd339ef30,competitor,Autoaprendizaje,c659149a3da642c5f8faf1446d491139
,generic,,
1ab410b7bb32e98af06c35e78aae7c55,person,kumppani,ef0f015f770be345816043b63e8d38d6
340297c45e10cd2e9a6f033f25d5ae30,action,rozmowa,0ea790b0093e54f37876f7aefc096d3f
2a2fbae368548c3099422b7583a235da,method,學校,e2ceb5002bbde22091de786124d9fa6d
d0791862573b9fa0da6f668f893466d5,person,話者,80fdc89dd08a67993cdc4474dfef9708
255737c94fa92a5d7e6ff894c63a1e02,action,대화하기,d3f9b71236dc0667f69eb3b33398f07e
,person,,
ba3b13ac46b1970e0fd71d7df03b3a45,action,Plain,4cd8413207629a963225f4314b53adcd
7e7697993e962d352a980bdd4eb1c996,method,formação,9495e32602461f1d08a21d3640e13ceb
5191afed4fd2b348d2ab08d2053df7b5,person,maestro,7a7ea6908e33896ddcc8b82f264f4f7a
7bc8e934261196cbbaf31e269b36b15c,action,étudier,4adfa3dbcd872a3c8f1b3bc46799272b
c3043bf803ad829c3761975d422f4c46,method,שיעור,71bdf6a8142fa04a7ed1f993bd1ca8ba
adf8ac85222cea01f8f3f71b22ba5845,method,CAE,b4d45708de4ddb301ffd4666a5949344
b71c0ae9e9250968d5639276fb99dd5e,method,EJU,654de024829ac2d0d4be16e225160d9f
1fd50dcc0e7db65d4075ae9df6ea1d61,method,TOCFL,f5fb0d4ea357163633d268f629a62a95
7c82679585afd5b01103dd01112480a3,person,معلم,5a02420ee1ee44d0f36448950669f2e1
5ec4b084fad089bb2d5b0f45a756c4a6,method,GMAT,3c3cec74241178c326af9ecc748f8a5e
c1b198564d835d8891b37214c463f5c7,method,DSH,fc5468372d5a5ebd99728eeedc5ba3a4
43623ed7cd6793176618a20fddabfdc3,method,HSK,e4218269679e8d10256d8574118f308e
d4b72ff74903b1acd36d0fe156a8b30e,action,طوّر,02efe2ea0c6e18e01a8713afa2ff891d
fc849d0769d2344df350b14628aca846,competitor,دراسة ذاتية,9a592d38d820318ed17943ac6f5391b7
2534a478a9bb167af7aacf01ca29d2dc,method,école,d9bf28a92935b77078d100f36febd7fe
670bd16517ee1cbc1cc9d729bfa2dab1,person,Partner*in,51713b7bd00f38b9d641759b95a81018
2db40216841a40fb6e6ca33bc5cf57ba,person,madrelingua,232588c86f08ea82e8c7dd6283dbe6c1
949e30caa648083ba078add633f9a170,action,imparare,3911e05fc3d97fb39b62e40ef9e71b9a
8eae45a7a656ff89f9bbc08cb125e016,method,skole,5bd1be2c1c287abe0731a43dda5eae9a
1c16e29926c671ca9c1ddf8f3fa5420b,action,samtale,ba8b1c824f53c0be5d48caecf3b5e130
6b0f991e4b6f0fdb1a1294b3c41819f5,method,czat,7267e6f8562abaebdb47024e08f0a199
4a5f871b4cbc8458e9865dfe6bd0e249,action,mówić,c841550d21012e945b0c15ad5164dac9
97559335889e1fcd31320cc933229d1d,action,konwersacja,baf8e1da9f8ca0a75d7fbc31f3f99716
0e1526c5b45baaf865ba3e379ed6110c,action,συζητώ,f4e72ce3ffdb8aa34d373c3f7c8cffb4
e2364efa7f71ded5342fa4f2b93dde48,competitor,自學,bf3b9afe56c1e485f506209d7ff8dfa5
79cdfe1926606ee12a68226181724235,method,בית ספר,a0cdab74899a81f1064236717c5331f9
95b88c2afd0f5cca6edc3986b628a11a,method,לאומי,9cd4376de321b7de2f15c4e00939d397
aa349b89aab214776db6ba4a22e3d604,person,원어민,0fad65438b349d6b65d6a63686cb00fa
848da32f95cde9c0f011681c04321b02,person,studiebegeleider,d7ff254cf416777d85e933153adde93b
d103479fa7d6966184bef867d08841b5,method,Toefl,83ee4f10b8b06c452f72470a5a45ab58
bc75cf0d9aa06bc7ca6ed1cd7a3cf878,method,DELF,98e2fdd174d9b634e49d4361be026730
c24f800fa64b59b5871a815b648edc0a,method,ICAS,7706998cba9c59295e0416087833034c
5f0984f00cc1cec393ecf6b1e88ea1f6,action,محادثة,b9dae952251de41d4aedaec8dfb5d7ea
03e99ffb80a802fca88265328c7dabfa,action,تكلم,0aa8d7b76c222bc8f2900b4a75f82e02
74ca226abe8494dca2e3fdaa1bf8834a,method,leçon,aac80d3852253c28fec23930ddfa73da
0a76cbc66f8c98b63e92199a29f8c6b6,action,parler,4cecc22bd1f82376afcd83491f2bc493
6c63aaf433c5834303a9ec4bb890b249,action,discussion,bd8bc36eb41bc90c585ae7e902e9e284
83e92ea9396f3a2f0ed18159ddf76da0,competitor,Selbststudium,99360d860bf1bf894c46976c8123399c
ed77b242389b3c5bac1635bab1030d51,method,Schulung,1e78183412271b46d45899116cb4384f
b845b0fb9b35534c6413e950e9abae10,person,parlante,d444d6957c78bfad983cfb20d95c570e
9174e1e79de1f5671aad3c4a6800c9b6,competitor,autoapprentissage,325936e0b2feedf53cf22ff53d170616
1ef75d8ff13a9a845abe1c2b44b88b56,action,verbessern,d7c5c921b7e75a6544dce23d6d48628b
849ebf2e7ffd8159bde78e549cd2b7f9,person,Socio,0ff0a8d2c754fcbc2ec438e13fb43486
84f02a06da1a47e0a809930d4fe294ab,action,Conversación,4444442c1825f7e36f8bc983626a0510
,brand,,
efcac192389342a4710072093ee3a96a,action,lære,92b87a96c82818f683299540c1d84ed0
cb1755c86e0c3db693e354c368325397,method,chatti,0c6df450000220384b529f6c98a4df68
369abb99a01d091a819430a2602fb763,method,Kansallinen,7f925d6a99c4645d63550a44cc5b91d1
eef3e030e94b84628695cb5cce4621b9,method,lekcja,8c57e2185f23c50c02581ea5955ff265
a04de998c09566fdaadbccad5310075f,action,opanowywać,72fe44cb3f980b5877dd27b48bd3029e
5809cf564711b5ff4ce3a65a79f51697,action,uczyć się,a5c48a0df2ff0f4b889bb6f84e3b13f0
43f9c8483335caff08cbfb64e019adc7,person,καθηγητής,638ac3a15df8e1a683d8777f99710280
ef61033f4e71c35a3aaae1f650d90b7a,action,Απλά,c052b219d68101278375049047034fe9
42bbbd7592e183567c62e6e875e83204,person,講者,d45bf883694592c3eedc6ffa54de18f9
7ca95a7f3d3af5e23d34d68d9ea3832e,method,課程,a990226d63d8b4f802840f1d07fcd1f0
ff72f020451165920d90bd15bb16ab6f,action,學習,af8da8db938b3ab7e3982eb81a20fc03
c2824d91b4cc945a6174570854a16610,action,練習,42325260d8434a573a40d89647f194af
707d65c6724217ec5f0f37577814918b,person,guru,77e69c137812518e359196bb2f5e9bb9
8286d00c1794b5bc3457ee6cba15c95a,action,שיחה,41d57c963df80abd2a87fa9749de0705
1488cc3c37f077eb57edc5b525ea3e24,method,הכשרה,479e8dd2cba424386ae41cdf387ee591
d2390e1983f624f997b60d225519972f,person,パートナー,16280a3f350df00d7cb6a732af3374c9
609ae1d27e68110ab22f35c4c47812bb,method,クラス,c8fe5683be118d3ef5af359142423329
4dc58a8b4362e59879589dbe1b6a1e5c,action,勉強,76e5d9c82929d167404c63b44e6fb9ea
45a926ecd6fe6bf9d83fd17adbcbb28a,method,국립,2a648ffcf2007a26cebc7a274aab3b43
0c030aeb12b7fc38c65e513245869414,action,배우기,733846d851e8dcc9b6c8e30e163dbcdb
9e3f17e78b9db8fc890e8f22cefc7a93,method,Bec,5dd2dd599e839cc6f7207bd865e857e8
7241cbdb0135badb3a1aa8fb1d09d2d5,method,Ielts,234f618e5504f558037749ea105e7f60
25c568f1f0d19b510508d1c4dd3b367e,method,Testdaf,2ecfba83e70dfc88a3058a4c4327ee38
81ed811442b915e32252c81a562876e1,method,Cils,34958ad86ae6b445e1f11296e45c33e1
997d4a012fd0a38c885f808f8429eae5,method,مدرسة,f1c3632a05a58e78dbd481f11b98d777
8df591eae0687540393f894ed0964be2,method,TOPIK,8cf533e9669ca94413b681c20411f868
8c9da68c663e340cab4e8a6485f33516,person,professeur,a1c3fb0e3d546eee15f9989998799ac8
dd7571efafe83fd0af1e8eccfca61983,action,pratiquer,dece4b6e06b4c84ee1d1ae49cb8f8f27
5daa72a28a8a7c848f59f5a90040e503,person,professore,7e0ccd232bfb44c90ce4fe8bc1a3bb52
0bdc7b29a2974c1e813cb5502cd1c58f,person,tutore,c3844ad39745adab76c9ec5a9d9fd3d5
a5fbda080f2427173848a60a69bcf5bb,person,Nativo,6d781a4899d112badc204d3a24205da2
debb7ec1e079796acac651c0c66edd58,method,Escuela,7bd5fa509875d525e2cc5fe990c404db
abcb189a328fc34484a6d0a861446928,action,Conversar,aca380d74cc1f329ac86e582391bdd88
cd151b4517a312a6945448f70f506186,method,szkoła,c50581795ee1fe6f319907075f95e700
bbe0384acd6f2d5631832bf6622797a6,method,챗,3a007149bfc911bac49fbaeba9ee2ec4
0a154f41441a758c3f4c961d4b4d9468,action,연습하기,049c4f5a71a64c7527ac018082f7ea7f
70edae7aeb238f36aedd553e6e09eeab,method,заняття,9f2d9983be9b5e15a8a0e46a5a01bdb8
7558a0f09409765f129d9685fd08b96a,method,TestDaF,2b266e62509986a999b9bb14b225c7b7
45ed9379bf9ab88966ff9f880f9e594a,person,falante,169cf9254487cafe5ad2e37f9cab2002
4498d699609fa930ed00d3fb067529d4,method,lição,63ab6736884d8d5066d7b376693bc2ce
654e145b6994c90dcf1b0df9c685efe4,action,estudo,e05828167b6197156b703238ee66cd09
358deadf941ffa0a78d84f4541a691ff,person,tuteur,e5f3eb8671816babc19f7dbcd0faaa7f
3e45d7cb4fc36ffd862f4fd96d1b00c1,method,corso,596befa8ed524061b5abdb777cd9403e
e373872f743c3bce016a30f45dacbdb1,method,scuola,9c8e13d0166d740b34bff739fe461afb
910295d3f73a35c2d556a2af37932f27,method,formazione,1ac2ac50d73b07d6f9ca035a6b6b985c
378764c140517eddcd81d059737ae823,method,Examen,8f901f64df116fdb4f832a6b200819b6
77e2fb389e86b8c0ee53b440492acd53,action,Practicar,04ef63e2cf8335e3d4c84aebba5eccf8
,method,,
4706091de7517bad7ad698da49d8e472,action,puhua,215046a080cd4a69f7d4b700202608c2
28d7cc29b4c67acf5708cbf55f010eda,action,harjoitella,3e2328eedd83301f9a081b1c4e727eb2
59466317e274297e58131f4040abd032,person,opettaja,7b13170f5729db8ea2a69f1220a8185a
fdebb3e40d45087a54191d388f502980,competitor,samokształcenie,9fab94ade4d9217527e394fd62918e82
bdf0c946579ce316150910c9be3bf27d,method,μάθημα,3975f022180683a688a86dc63420f0ff
eb55490865b6fc8bffed99d3c54dc7d3,method,τάξη,07060784bbc2b349e2effb4a32914824
fe4e7ce00882884c07a05533d2bcc217,method,τμήμα,8de5306e0a301aa2e0bd1d1c9ed04878
0144e60ac6c12ae17ce4109f3c2e05f5,method,συνομιλία,71360fa29acd5bba07fd386921ec6570
9a3a4e3318fb79174a7a07227bce8dee,action,μαθαίνω,c710b066861bc2cb00195e5eacea8eb0
ce3f2e7f3fcaa3f6f9679596b93fbd3b,action,μιλάω,957d8785d9820a4bb2c503e0447cbe32
baa973a74bbaa54c5aba31c75d2f1fb6,method,考試,f2e04981ccf285d3bffb3c8795a484f8
ca44b6bd9b296a173aae7749e6f98bcd,method,obrolan OR mengobrol,b68e5dbfd8cac3e4d810c09f2f36f601
2e5b24309a83e3350634e54171ecbff8,action,belajar,19a66b38bb79d4d31b58c41865ccd2c2
8d8a6dc75424138d2bfa02515f9ff109,action,ללמוד,9908cc54879779a66c0a71d5158e1243
3f29ff636f6acfcaf41e36d6ec57c6b2,action,学習,7b6871c5804587accac5a92b3f97d415
341fe8914ea92abf6462492480c4f891,action,会話,43f48fd7cf194d6fa7a1e3e218938fe7
0d7129182fd51d0efc0b77880b3bf478,method,강좌,ddf7a081acc12c9bc06745f114ff47c8
7150e1f7157a441b6489a39b5bac4b2e,person,leraar,4cb44ac299b21ffa3018e867a15f5e65
8a0f1e1ceac4bb0f01ef8f32bc79ef16,method,Gmat,56f690dcf210b6a0c02915cab86835f1
814c42c06acf12adb4eb009e23cbbceb,method,Dsh,81f2c062045f588d3a8062851183b42d
d9065646c262c7cb68d39f1860636c13,method,Hsk,cf3e417f51ccb2646807c6592424950d
44e3fba82cf325bf6e4070bc633a2bbc,method,Koe,38bee1e83e6dd42759f1caffcc06871d
43d932d7b706354d61e04fcc0452bd3f,person,ネイティブ,3599236b6a4c04d4ef58fdc6f49e109b
133c0047a30a234893940134eb95f5c2,method,kelas,bde3be49c4dcbb848a152329fc3930ae
061b1a49ea4d7217dd548e778d5d07ec,person,튜터,3478fb9ff99fc50ffa0332bec76b219c
69b1f29b52259d23fc7b84270efead80,method,Bjt,c6c0a424c1aafa5f993fa3f19908ae9c
193072f2e78a090a3636c37d19d929ed,method,Dele,5abbe2ca926ed714d52e56182fe3c1c2
323854c4a6f1881fdb3d096041f476e6,method,Siele,50430daaf9986c9ad41489e2f34384ae
68c816ae292a7c83f30a1ab115b4595f,action,leren,7c17e1967945ef61733fb645cf201c87
cbe89be605cc184aa0642c184bd39ba4,action,studeren,a838e9eea17ccf2f1ce7d0f92e0be7ac
8a7c1199b47e3608bc0aeabbf1b1cc69,action,conversatie,6eef0d7bbb0bb3f7b5489062d60f2657
d0da612cc3fc6f95f06acce9f26c1da3,action,snakk,48434156d0575c9d3a115772fb2d7919
95b64ba61a8c59983d08f9548c60234a,person,Репетитор,e65010cf416f10f51099671ca1f9ef4c
c47e75065864930cf92781c9c22f24e2,person,Партнер,04db1ee526f7e64cfef02a3b353c3b45
3a7c4cb33ac9bc7ab171dc3f6f6dd7a7,method,Занятие,9f040b9cd6219e2bacc46d9a75650f95
1163c9194fb0f0b1eeabd93e661c21d4,method,Чат,c52b4c5cbc879d56c633f568acfbf205
fe75141e9279ed6557d9332f8681ebef,action,Учить,e8f9832e109209e03d5ef24db8957e92
67190fe6bff1f983ce262ecc8e6f49a1,action,Практиковать,4d47cfc84547a6ef6b03b46737009c58
f89eee31a03bcffe33f0fbcead433a37,action,Улучшать,341cd1f30fc691974ba5c4f40e0fcf1e
69ada8d16fb1e6732748025c5c49ea2d,competitor,Самообучение,84a0abe4491f632437ce2cd25dcf96fd
48c60252ae9cc09f30d908199d35f7f2,method,урок,104ac382945e018cb0ddaccd0cfa3620
119fe76db0f4461861de757a4ee45d3e,action,практикувати,b10e42d6d7c89264fe4b5f8b9f396604
144b374c28394537dbbc3a254ae24bbe,action,розмова,8e39efb82493f6e2b79a9cf8db63d293
414ec4e95175776dd34ac5b008b408be,action,розмовляти,79d2f7a5bb0b2af886062d673ff4335d
baed3fc6e4f97be0b06e9b4276fa403c,method,gesprek,3db12bdfc940a4e2031368b8b41fd33b
46bf390ac86929833685e433b0431447,person,studieveileder,1b4e666beb0404a1e2abcef91f84ca57
877dee90894906c984f850f6ee702fb1,action,Говорить,f40c9c12dadbe9fd25bb22ffb9be9e82
b08ba84a4d2ca31e2f760003fea0f485,action,вивчати,07a275f8726fd508bafa59c789593394
6432f41c5b0c1265cf2a6f8e89a72a13,competitor,самостійне навчання,2c08980823071cc1f3d052862b9258a9
ffa15a6afe19b3984cd98225ba7b555e,person,화자,1d5c713dd51ff479394b5f49f754cb9b
125e09149f59239821accbd6627a38c5,action,говорити,89375f8e5cba5ab4a66588cf1d54d40f
187b1d22fcf3aae2052ef7bee7dacf2f,person,talare,91a7078c87f2e3d03e2140d8fe5c5272
fca1c86d5fa372d529933bddfed94679,method,skola,ee86917fd8c98463ce78493811bf6b95
2b26de370250d555235ba0418b67f302,action,lära sig,6e65a74177f2328e66e11cf5426e3adc
80146ed63b40b974ec61d4db3a57ff25,action,tala,e5df9cc32c68723dc03674d6c191bc9e
075d3836ccbe187e2ffc913383f1635a,action,öva,cb17828ac02fadd6cb77778a59051714
0a3e3b282ee8af28e526a9a1546b0bab,action,förbättra,fc7119ba095139eeb5aacaf7fb108443
fe33691f5c3ae67380c2c4ed0f8b018a,action,prata,ec3b7814f24758218ce42a0b8cfc59b7
20a07aa5a0a4656891f77115d03fd436,generic,generic,3d517f8924ac7fd03699a29d97dc52d9
f544be7c9ddf34cb7ba0d57153cb0598,method,班级,8ac67c8074f3d3cb29709c3aeb7391c5
ea1a01a27bdd7d4377fcaf5feef53b42,competitor,自学,ee7b340aabcf140a6f165bde3fed6a4d
295b5a6dfee20c2be17e85440cc3725a,method,培训,fb4e1405d53aaed6e5120f25201bdee7
a6e6af73a09b401bfed06ced97aa43fa,person,ติวเตอร์,2ba9cbec7d6c74a2751ccedaf96b8906
7fc3e2ba441019dc9f21575100333b79,person,พาร์ทเนอร์,61b3e6cd538e63f3ea90a50e962619f0
fe89b9088f1f2d2066c97f517a243280,method,พูดคุย,b2fbb2a8af7e7b0aa20b2f70ad4f2e23
d7a6c64735aba843f5c59e40d098556d,method,การสอบ,0271882eec6c78189afcea2abff578c8
c6d45cdfbea501d89e34506c56aaa963,method,โรงเรียน,9fea90d3a40b2d2d80b516470e21bb3e
4b82428daadc2e3cadf6296325270440,action,การพูดคุย,f7ba3b278b99d95114cd09738a9e8dbf
ce91296b58b82c2596dc4f9eda8f1a1b,method,okul,451fc6872c103399aef5c3c49eb6fc94
40e50b93fef711677f0418e2cae67dc4,method,CNaVT,56f8ce240e4adeb5cf14e186e1a1ceeb
e8e10939c9c4171a0acce7ad57cd926d,method,ÖSD,4d71b36d3e5154b6fa5a5647bbfff0d9
eab040ac0184d7616bc6bdc2b85e4da0,action,çalış,77bde7107728766a2a08fd45ea5dc523
f9553e72379dd2ae60ea0a82d3968655,action,geliştir,7cc1c5dc9022a59c0c2b979d5c7d9ab8
1d8dfc8e2799f296f410cf383f09834e,person,orator,25bc93bb0147000ebe9f60169d8dddf1
d7b56a7067825aecdba4c98e0e20712d,action,a îmbunătăți,cb27d8ed9a7f02604d3326ab56294ee4
ab985af92033792cdb0e8ec4c51be412,person,nativ,d77911dcd6a146f7148e26aaa1540042
d93d9a62e0d689386cf19c4875f5b0cc,action,a practica,e73ee26351f0e84fe8652255cdf789f0
05ed2c3476a99b8a12c8eaf786312f5e,method,examen,32bd3b82800c20c82f979e3cf1b26917
80cd3c835df14ecd31d5a4c5c892ec81,action,lernen,b220a9d867dd0b8dcdcc7d1b66e44cb9
,competitor,,
fb10dd4e68df137bd6ff8cd8d4499c99,method,luokka,879d746f25092109a5966ac96d63b523
be8e77ca3a1fbc39dcc9bd73720478c9,action,μελετώ,110dbbf0b2742f0364167be2df2ee0c4
770f711b0a87a4bd61c5df25fed4c043,person,本國,61def6086095cea5acf6ac3120b56e04
0f3ab6704f8cb7115c1c24f04b068316,method,課,ca007b19fce86a3bf3e629350545f31a
24240a29298064d1143d1e587b89075c,action,說話,a868547e154d48ed457f8d6eae826b3e
284daf7c07e6019c235af0e2d555f7d1,method,培訓,6cbb887f3ad1c2cf7f69f4a614a75cd7
9f8cf34c4b24def6debd5d6994eb2388,person,asli,a77d5516bebad4fef7dfcb34b180f44e
ca40a84e3963ffbb0df55762eb040a38,method,Nasional,59c5d05c77dbf7fd19c6ff2a3cfe246a
8396b641a882b392a82fc33698047440,action,bicara OR berbicara,1c30a6ff8542215f75a3e02d7e410e4b
9229fcc76c18907849ae00195eea44b5,person,מקומי,08ee9b8368e59cf38e4d077cd479b54b
fdfee47255008394616f20a6e80d8de8,method,קורס,179a3837fb92151a87a24413a36ed0ee
3f0b6f8f813c5e6a7692dcd02962aa50,action,לשפר,dbf81d5d4f176c61cd207c922a7f9c48
2713eff8076b51c63c3d8b2e85077049,action,לימוד עצמי,31828a336bee8ed35146c0f3f38495b1
b7be618b6aefe5bfbdf2f2632fe2bae4,generic,עזרה,a2b6fc85473c42fd2f023df52126f3ce
3b3ffb80008cc197d199a4ef079a48e4,method,チャット,afc5542f9c06d89836b1e5fbb97ba3c1
2880972b2286466d8a0893a3438d785a,method,試験,86fa61e73495cc9e26e75d0908f084b1
dd8a687ba2a8d74f06dc457b7d4de31b,action,向上,00d5a294ef43ae80ebd85a5f3e40f68d
33f498f44d6d2360a8f9313bf43f0d4c,person,파트너,f06f9fdb82104c915571d3bb9c28bb73
4154b600dd94cca91f1b5d285d7e365f,method,레슨,a835ef87ae418c0f7563eb464ccc3156
0f3ab8cf16bc729b465920ce15806829,method,klas,2d9c5a46831b99e3de733cb951259431
aee708b079124b4a19433c7921792080,method,Sat,13c7d2d737f81f7bf89aed9fbcd0ad55
b8ea95e40512a1e47b19124d18b3e8fc,method,Jlpt,347dac306f2e3c8caa7b65f521436b49
7a67140da4f2db17e953b0be7a3e7d9e,method,Школа,2c278343f98b426eacd459c7e3d646bb
b42a578e3d7163b066bf4ebe8a9ae5c7,method,Практика,2188f6885d1a02a9c48554c4abf8406b
127a056c5f95095c2f7afdb220e0869b,method,ujian,d390484e9845e01de79886ab5fe94fc9
b61467620d9d0d45e3b38a2c1b8ddedc,action,percakapan,0d3a773def8b219321acd55d342e9e0d
ba3f531b2cfbb2d22b69de53350e5142,method,시험,d84622d76065c718234d085cf6cd54cc
9999f22dee137a7bc687768a214799ef,method,Deple,5895ca2cab205b9223df25b5a601b67a
d3c85ee4273d69dbe7caadc0d24505f1,method,Torfl,b973d00dbd92101fa33c5a6e647b9428
66598f7c1761ef3b02ef0d0563b1c4b2,method,Урок,9ccea472d416f1deea0257cbd0b9a13f
5264ef333e41117ecd891ec26a101964,action,Разговор,7f0407040ccb30cdc959d2fb84973869
f946f66b75c4136984f1dd5cc3cd709e,person,рідний,bfeebd343fb6fbf32cb034d4de410dc9
81717cc415b2373c3b3f39191013df07,method,Dalf,7f4f2d1bd2a5501cd2ec38678e68fecd
a4f44b4e052f4491708ed53de4304157,person,modersmålstalare,3ef866d74850741cc21d7f95624f14ed
5c2385e5c045df0e62241244cdf9923d,method,prov,efd02694d21a801f598ce1b6114171fe
e0a3a8ad2c02903d3bb0538d32f3d806,action,samtal,4dada6e34195e69d2ad69441691346c6
7c0cee63b011f1136bcbed58babceb3b,competitor,direct,7caa701b2bd5a182b80c72b9bdf88e2d
fbc1fde85d8fd323db6ed81f1b7edbd6,person,本地,8e7eca1f7079c6a7861b3dcaa2dc8c05
c782cdeb4e4d976741f163d046072d9e,method,ชั้นเรียน,81dbeed304e8ca2411aabad4703e1e36
1dc1f48904458796ab4e12cf26d6fed3,method,หลักสูตร,b1093bc8a0eef6a42d00ed578b5cb050
375bf45ef2cdc81b603bd7706519a169,action,ฝึกฝน,d7e52173a681b8f798e24257438876a0
3b823538015f0af49642905e1abf92fd,action,การสนทนา,02e41447dafb24f04bd9e329ef6c8ea0
15396f37c4cf50a82d47de920a2dc01d,person,eğitmen,805770d4522cced87fdc58ceee7fcaaf
df00a33b20a30c1d63bf229171a91971,action,pratik yap,6f85fc8808f4f7e4f812e8ab0695eb55
7a3b8eba1807a19cbe531aabc53215e7,person,profesor,793741d54b00253006453742ad4ed534
41a1c97603e3ca7b0a81fbf1798baf5d,method,școală,d759ddb0f11c9c4fc04c2c98de594261
fdaf917cd8a9f3b9b47ede750a392f41,action,conversație,d9c77671d54005b924d7a793f19b6ab8
6280e9bc180e4eac87f942dc8f2ddf19,method,formare,44ea5466d03e3a298db49b59e0bc350a
521c78bd8df0d9e19266abb87d40e18c,action,Aprender,084d0cac7bab02e6fc8d13d430f3dd21
25e28b094e783068d071588c3dd1fd26,method,cursus,e921e0fbc792e0fc7104c6470b1d0e9a
e71bc24520212fa3101a822c4d67c9cc,method,Fce,e2abc0ac0803b0d8733b15069ae526b7
737b3c8020fa029600ac91c87c2e0aff,brand,preply,7cde96ba8e2f8344b409248dfa8e799e
d9750cf2d0c8dea5033d117089dc42ae,action,a învăța,64149bce88509eb44dd909ec5d6c392f
c98ea04ac4dc9908856fc88a1472d105,person,ท้องถิ่น,f1c2e024653eaea4b55e9481d159bec4
40ea262070ac58b3af95a4d6c0258a40,action,לחקור,41cfafb07f0d560a5639a58490b29a86
636021ccaf5af4e06e67b4244e774fa6,action,Разговаривать,f5ce664ebd115abd5a5d71126c5eb6c0
3a37e12ebf47914a19189ae208723be9,method,undervisning,6d854bfc8db758f606bf2b0bb9e6a7c9
ed1bf762d6b46ac16b6cd25753b64203,action,ศึกษา,7d15178480dd8d97a2df4e8ddea8cc50
2e9ef9f154164c8c281a92b5e5970103,method,Cnavt,4b4e7ec11c310272c305d69f3ac3e7a8
fce8f3a934feaa3a2fe93ea03e7ed0e9,action,향상시키기,46e20a3db0467785c57540e35d9dfbdb
605c8c94ce660f43513a1252bfd0d4b1,action,提高,3e2fd5a70bc7b3fc64b1992e0b427312
4dfab1732757edf59260611d6677d185,person,konuşmacı,4e47da99411d4bdc3b5632db5b7fe542
7f20e49b386e383f27b4a2dc0f9191a3,person,วิทยากร,0c6bfe690c556b8523f05539cb670d32
052084f1f1d2937678cd067583dc4d05,person,说话者,2b19427fa9628389f3d53b577f02531e
3690089060411e1f653b701621eacf48,person,ortak,423aaa140b8d32b292dc5ed7f859ba53
